x;absoluteErrorrelativeError;result
-49,9;0;0;-49,9
-49,8;0;0;-49,8
-49,7;0;0;-49,7
-49,6;0;0;-49,6
-49,5;0;0;-49,5
-49,4;0;0;-49,4
-49,3;0;0;-49,3
-49,2;0;0;-49,2
-49,1;0;0;-49,1
-49;0;0;-49
-48,9;0;0;-48,9
-48,8;0;0;-48,8
-48,7;0;0;-48,7
-48,6;0;0;-48,6
-48,5;0;0;-48,5
-48,4;0;0;-48,4
-48,3;0;0;-48,3
-48,2;0;0;-48,2
-48,1;0;0;-48,1
-48;0;0;-48
-47,9;0;0;-47,9
-47,8;0;0;-47,8
-47,7;0;0;-47,7
-47,6;0;0;-47,6
-47,5;0;0;-47,5
-47,4;0;0;-47,4
-47,3;0;0;-47,3
-47,2;0;0;-47,2
-47,1;0;0;-47,1
-47;0;0;-47
-46,9;0;0;-46,9
-46,8;0;0;-46,8
-46,7;0;0;-46,7
-46,6;0;0;-46,6
-46,5;0;0;-46,5
-46,3999999999999;0;0;-46,3999999999999
-46,2999999999999;0;0;-46,2999999999999
-46,1999999999999;0;0;-46,1999999999999
-46,0999999999999;0;0;-46,0999999999999
-45,9999999999999;0;0;-45,9999999999999
-45,8999999999999;0;0;-45,8999999999999
-45,7999999999999;0;0;-45,7999999999999
-45,6999999999999;0;0;-45,6999999999999
-45,5999999999999;0;0;-45,5999999999999
-45,4999999999999;0;0;-45,4999999999999
-45,3999999999999;0;0;-45,3999999999999
-45,2999999999999;0;0;-45,2999999999999
-45,1999999999999;0;0;-45,1999999999999
-45,0999999999999;0;0;-45,0999999999999
-44,9999999999999;0;0;-44,9999999999999
-44,8999999999999;0;0;-44,8999999999999
-44,7999999999999;0;0;-44,7999999999999
-44,6999999999999;0;0;-44,6999999999999
-44,5999999999999;0;0;-44,5999999999999
-44,4999999999999;0;0;-44,4999999999999
-44,3999999999999;0;0;-44,3999999999999
-44,2999999999999;0;0;-44,2999999999999
-44,1999999999999;0;0;-44,1999999999999
-44,0999999999999;0;0;-44,0999999999999
-43,9999999999999;0;0;-43,9999999999999
-43,8999999999999;0;0;-43,8999999999999
-43,7999999999999;0;0;-43,7999999999999
-43,6999999999999;0;0;-43,6999999999999
-43,5999999999999;0;0;-43,5999999999999
-43,4999999999999;0;0;-43,4999999999999
-43,3999999999999;0;0;-43,3999999999999
-43,2999999999999;0;0;-43,2999999999999
-43,1999999999999;0;0;-43,1999999999999
-43,0999999999999;0;0;-43,0999999999999
-42,9999999999999;0;0;-42,9999999999999
-42,8999999999999;0;0;-42,8999999999999
-42,7999999999999;0;0;-42,7999999999999
-42,6999999999999;0;0;-42,6999999999999
-42,5999999999999;0;0;-42,5999999999999
-42,4999999999999;0;0;-42,4999999999999
-42,3999999999999;0;0;-42,3999999999999
-42,2999999999999;0;0;-42,2999999999999
-42,1999999999999;0;0;-42,1999999999999
-42,0999999999999;0;0;-42,0999999999999
-41,9999999999999;0;0;-41,9999999999999
-41,8999999999999;0;0;-41,8999999999999
-41,7999999999999;0;0;-41,7999999999999
-41,6999999999999;0;0;-41,6999999999999
-41,5999999999999;0;0;-41,5999999999999
-41,4999999999999;0;0;-41,4999999999999
-41,3999999999999;0;0;-41,3999999999999
-41,2999999999999;0;0;-41,2999999999999
-41,1999999999999;0;0;-41,1999999999999
-41,0999999999999;0;0;-41,0999999999999
-40,9999999999999;0;0;-40,9999999999999
-40,8999999999999;0;0;-40,8999999999999
-40,7999999999999;0;0;-40,7999999999999
-40,6999999999999;0;0;-40,6999999999999
-40,5999999999999;0;0;-40,5999999999999
-40,4999999999999;0;0;-40,4999999999999
-40,3999999999999;0;0;-40,3999999999999
-40,2999999999999;0;0;-40,2999999999999
-40,1999999999999;0;0;-40,1999999999999
-40,0999999999999;0;0;-40,0999999999999
-39,9999999999999;0;0;-39,9999999999999
-39,8999999999999;0;0;-39,8999999999999
-39,7999999999999;0;0;-39,7999999999999
-39,6999999999999;0;0;-39,6999999999999
-39,5999999999999;0;0;-39,5999999999999
-39,4999999999999;0;0;-39,4999999999999
-39,3999999999998;0;0;-39,3999999999998
-39,2999999999998;0;0;-39,2999999999998
-39,1999999999998;0;0;-39,1999999999998
-39,0999999999998;0;0;-39,0999999999998
-38,9999999999998;0;0;-38,9999999999998
-38,8999999999998;0;0;-38,8999999999998
-38,7999999999998;0;0;-38,7999999999998
-38,6999999999998;0;0;-38,6999999999998
-38,5999999999998;0;0;-38,5999999999998
-38,4999999999998;0;0;-38,4999999999998
-38,3999999999998;0;0;-38,3999999999998
-38,2999999999998;0;0;-38,2999999999998
-38,1999999999998;0;0;-38,1999999999998
-38,0999999999998;0;0;-38,0999999999998
-37,9999999999998;0;0;-37,9999999999998
-37,8999999999998;0;0;-37,8999999999998
-37,7999999999998;0;0;-37,7999999999998
-37,6999999999998;0;0;-37,6999999999998
-37,5999999999998;0;0;-37,5999999999998
-37,4999999999998;0;0;-37,4999999999998
-37,3999999999998;0;0;-37,3999999999998
-37,2999999999998;0;0;-37,2999999999998
-37,1999999999998;0;0;-37,1999999999998
-37,0999999999998;0;0;-37,0999999999998
-36,9999999999998;0;0;-36,9999999999998
-36,8999999999998;0;0;-36,8999999999998
-36,7999999999998;0;0;-36,7999999999998
-36,6999999999998;0;0;-36,6999999999998
-36,5999999999998;0;0;-36,5999999999998
-36,4999999999998;0;0;-36,4999999999998
-36,3999999999998;0;0;-36,3999999999998
-36,2999999999998;0;0;-36,2999999999998
-36,1999999999998;0;0;-36,1999999999998
-36,0999999999998;0;0;-36,0999999999998
-35,9999999999998;0;0;-35,9999999999998
-35,8999999999998;0;0;-35,8999999999998
-35,7999999999998;0;0;-35,7999999999998
-35,6999999999998;0;0;-35,6999999999998
-35,5999999999998;0;0;-35,5999999999998
-35,4999999999998;0;0;-35,4999999999998
-35,3999999999998;0;0;-35,3999999999998
-35,2999999999998;0;0;-35,2999999999998
-35,1999999999998;0;0;-35,1999999999998
-35,0999999999998;0;0;-35,0999999999998
-34,9999999999998;0;0;-34,9999999999998
-34,8999999999998;0;0;-34,8999999999998
-34,7999999999998;0;0;-34,7999999999998
-34,6999999999998;0;0;-34,6999999999998
-34,5999999999998;0;0;-34,5999999999998
-34,4999999999998;0;0;-34,4999999999998
-34,3999999999998;0;0;-34,3999999999998
-34,2999999999998;0;0;-34,2999999999998
-34,1999999999998;0;0;-34,1999999999998
-34,0999999999998;0;0;-34,0999999999998
-33,9999999999998;0;0;-33,9999999999998
-33,8999999999998;0;0;-33,8999999999998
-33,7999999999998;0;0;-33,7999999999998
-33,6999999999998;0;0;-33,6999999999998
-33,5999999999998;0;0;-33,5999999999998
-33,4999999999998;0;0;-33,4999999999998
-33,3999999999998;0;0;-33,3999999999998
-33,2999999999998;0;0;-33,2999999999998
-33,1999999999998;0;0;-33,1999999999998
-33,0999999999998;0;0;-33,0999999999998
-32,9999999999998;0;0;-32,9999999999998
-32,8999999999998;0;0;-32,8999999999998
-32,7999999999998;0;0;-32,7999999999998
-32,6999999999998;0;0;-32,6999999999998
-32,5999999999998;0;0;-32,5999999999998
-32,4999999999998;0;0;-32,4999999999998
-32,3999999999998;0;0;-32,3999999999998
-32,2999999999997;0;0;-32,2999999999997
-32,1999999999997;0;0;-32,1999999999997
-32,0999999999997;0;0;-32,0999999999997
-31,9999999999997;0;0;-31,9999999999997
-31,8999999999997;0;0;-31,8999999999997
-31,7999999999997;0;0;-31,7999999999997
-31,6999999999997;0;0;-31,6999999999997
-31,5999999999997;0;0;-31,5999999999997
-31,4999999999997;0;0;-31,4999999999997
-31,3999999999997;0;0;-31,3999999999997
-31,2999999999997;0;0;-31,2999999999997
-31,1999999999997;0;0;-31,1999999999997
-31,0999999999997;0;0;-31,0999999999997
-30,9999999999997;0;0;-30,9999999999997
-30,8999999999997;0;0;-30,8999999999997
-30,7999999999997;0;0;-30,7999999999997
-30,6999999999997;0;0;-30,6999999999997
-30,5999999999997;0;0;-30,5999999999997
-30,4999999999997;0;0;-30,4999999999997
-30,3999999999997;0;0;-30,3999999999997
-30,2999999999997;0;0;-30,2999999999997
-30,1999999999997;0;0;-30,1999999999997
-30,0999999999997;0;0;-30,0999999999997
-29,9999999999997;0;0;-29,9999999999997
-29,8999999999997;0;0;-29,8999999999997
-29,7999999999997;0;0;-29,7999999999997
-29,6999999999997;0;0;-29,6999999999997
-29,5999999999997;0;0;-29,5999999999997
-29,4999999999997;0;0;-29,4999999999997
-29,3999999999997;0;0;-29,3999999999997
-29,2999999999997;0;0;-29,2999999999997
-29,1999999999997;0;0;-29,1999999999997
-29,0999999999997;0;0;-29,0999999999997
-28,9999999999997;0;0;-28,9999999999997
-28,8999999999997;0;0;-28,8999999999997
-28,7999999999997;0;0;-28,7999999999997
-28,6999999999997;0;0;-28,6999999999997
-28,5999999999997;0;0;-28,5999999999997
-28,4999999999997;0;0;-28,4999999999997
-28,3999999999997;0;0;-28,3999999999997
-28,2999999999997;0;0;-28,2999999999997
-28,1999999999997;0;0;-28,1999999999997
-28,0999999999997;0;0;-28,0999999999997
-27,9999999999997;0;0;-27,9999999999997
-27,8999999999997;0;0;-27,8999999999997
-27,7999999999997;0;0;-27,7999999999997
-27,6999999999997;0;0;-27,6999999999997
-27,5999999999997;0;0;-27,5999999999997
-27,4999999999997;0;0;-27,4999999999997
-27,3999999999997;0;0;-27,3999999999997
-27,2999999999997;0;0;-27,2999999999997
-27,1999999999997;0;0;-27,1999999999997
-27,0999999999997;0;0;-27,0999999999997
-26,9999999999997;0;0;-26,9999999999997
-26,8999999999997;0;0;-26,8999999999997
-26,7999999999997;0;0;-26,7999999999997
-26,6999999999997;0;0;-26,6999999999997
-26,5999999999997;0;0;-26,5999999999997
-26,4999999999997;0;0;-26,4999999999997
-26,3999999999997;0;0;-26,3999999999997
-26,2999999999997;0;0;-26,2999999999997
-26,1999999999997;0;0;-26,1999999999997
-26,0999999999997;0;0;-26,0999999999997
-25,9999999999997;0;0;-25,9999999999997
-25,8999999999997;0;0;-25,8999999999997
-25,7999999999997;0;0;-25,7999999999997
-25,6999999999997;0;0;-25,6999999999997
-25,5999999999997;0;0;-25,5999999999997
-25,4999999999997;0;0;-25,4999999999997
-25,3999999999997;0;0;-25,3999999999997
-25,2999999999996;0;0;-25,2999999999996
-25,1999999999996;0;0;-25,1999999999996
-25,0999999999996;0;0;-25,0999999999996
-24,9999999999996;0;0;-24,9999999999996
-24,8999999999996;0;0;-24,8999999999996
-24,7999999999996;0;0;-24,7999999999996
-24,6999999999996;0;0;-24,6999999999996
-24,5999999999996;0;0;-24,5999999999996
-24,4999999999996;0;0;-24,4999999999996
-24,3999999999996;0;0;-24,3999999999996
-24,2999999999996;0;0;-24,2999999999996
-24,1999999999996;0;0;-24,1999999999996
-24,0999999999996;0;0;-24,0999999999996
-23,9999999999996;0;0;-23,9999999999996
-23,8999999999996;0;0;-23,8999999999996
-23,7999999999996;0;0;-23,7999999999996
-23,6999999999996;0;0;-23,6999999999996
-23,5999999999996;0;0;-23,5999999999996
-23,4999999999996;0;0;-23,4999999999996
-23,3999999999996;0;0;-23,3999999999996
-23,2999999999996;0;0;-23,2999999999996
-23,1999999999996;0;0;-23,1999999999996
-23,0999999999996;0;0;-23,0999999999996
-22,9999999999996;0;0;-22,9999999999996
-22,8999999999996;0;0;-22,8999999999996
-22,7999999999996;0;0;-22,7999999999996
-22,6999999999996;0;0;-22,6999999999996
-22,5999999999996;0;0;-22,5999999999996
-22,4999999999996;0;0;-22,4999999999996
-22,3999999999996;0;0;-22,3999999999996
-22,2999999999996;0;0;-22,2999999999996
-22,1999999999996;0;0;-22,1999999999996
-22,0999999999996;0;0;-22,0999999999996
-21,9999999999996;0;0;-21,9999999999996
-21,8999999999996;0;0;-21,8999999999996
-21,7999999999996;0;0;-21,7999999999996
-21,6999999999996;0;0;-21,6999999999996
-21,5999999999996;0;0;-21,5999999999996
-21,4999999999996;0;0;-21,4999999999996
-21,3999999999996;0;0;-21,3999999999996
-21,2999999999996;0;0;-21,2999999999996
-21,1999999999996;0;0;-21,1999999999996
-21,0999999999996;0;0;-21,0999999999996
-20,9999999999996;0;0;-20,9999999999996
-20,8999999999996;0;0;-20,8999999999996
-20,7999999999996;0;0;-20,7999999999996
-20,6999999999996;0;0;-20,6999999999996
-20,5999999999996;0;0;-20,5999999999996
-20,4999999999996;0;0;-20,4999999999996
-20,3999999999996;0;0;-20,3999999999996
-20,2999999999996;0;0;-20,2999999999996
-20,1999999999996;0;0;-20,1999999999996
-20,0999999999996;0;0;-20,0999999999996
-19,9999999999996;0;0;-19,9999999999996
-19,8999999999996;0;0;-19,8999999999996
-19,7999999999996;0;0;-19,7999999999996
-19,6999999999996;0;0;-19,6999999999996
-19,5999999999996;0;0;-19,5999999999996
-19,4999999999996;0;0;-19,4999999999996
-19,3999999999996;0;0;-19,3999999999996
-19,2999999999996;0;0;-19,2999999999996
-19,1999999999996;0;0;-19,1999999999996
-19,0999999999996;0;0;-19,0999999999996
-18,9999999999996;0;0;-18,9999999999996
-18,8999999999996;0;0;-18,8999999999996
-18,7999999999996;0;0;-18,7999999999996
-18,6999999999996;0;0;-18,6999999999996
-18,5999999999996;0;0;-18,5999999999996
-18,4999999999996;0;0;-18,4999999999996
-18,3999999999996;0;0;-18,3999999999996
-18,2999999999996;0;0;-18,2999999999996
-18,1999999999995;0;0;-18,1999999999995
-18,0999999999995;0;0;-18,0999999999995
-17,9999999999995;0;0;-17,9999999999995
-17,8999999999995;0;0;-17,8999999999995
-17,7999999999995;0;0;-17,7999999999995
-17,6999999999995;0;0;-17,6999999999995
-17,5999999999995;0;0;-17,5999999999995
-17,4999999999995;0;0;-17,4999999999995
-17,3999999999995;0;0;-17,3999999999995
-17,2999999999995;0;0;-17,2999999999995
-17,1999999999995;0;0;-17,1999999999995
-17,0999999999995;0;0;-17,0999999999995
-16,9999999999995;0;0;-16,9999999999995
-16,8999999999995;0;0;-16,8999999999995
-16,7999999999995;0;0;-16,7999999999995
-16,6999999999995;0;0;-16,6999999999995
-16,5999999999995;0;0;-16,5999999999995
-16,4999999999995;0;0;-16,4999999999995
-16,3999999999995;0;0;-16,3999999999995
-16,2999999999995;0;0;-16,2999999999995
-16,1999999999995;0;0;-16,1999999999995
-16,0999999999995;0;0;-16,0999999999995
-15,9999999999995;0;0;-15,9999999999995
-15,8999999999995;0;0;-15,8999999999995
-15,7999999999995;0;0;-15,7999999999995
-15,6999999999995;0;0;-15,6999999999995
-15,5999999999995;0;0;-15,5999999999995
-15,4999999999995;0;0;-15,4999999999995
-15,3999999999995;0;0;-15,3999999999995
-15,2999999999995;0;0;-15,2999999999995
-15,1999999999995;0;0;-15,1999999999995
-15,0999999999995;0;0;-15,0999999999995
-14,9999999999995;0;0;-14,9999999999995
-14,8999999999995;0;0;-14,8999999999995
-14,7999999999995;0;0;-14,7999999999995
-14,6999999999995;0;0;-14,6999999999995
-14,5999999999995;0;0;-14,5999999999995
-14,4999999999995;0;0;-14,4999999999995
-14,3999999999995;0;0;-14,3999999999995
-14,2999999999995;0;0;-14,2999999999995
-14,1999999999995;0;0;-14,1999999999995
-14,0999999999995;0;0;-14,0999999999995
-13,9999999999995;0;0;-13,9999999999995
-13,8999999999995;0;0;-13,8999999999995
-13,7999999999995;0;0;-13,7999999999995
-13,6999999999995;0;0;-13,6999999999995
-13,5999999999995;0;0;-13,5999999999995
-13,4999999999995;0;0;-13,4999999999995
-13,3999999999995;0;0;-13,3999999999995
-13,2999999999995;0;0;-13,2999999999995
-13,1999999999995;0;0;-13,1999999999995
-13,0999999999995;0;0;-13,0999999999995
-12,9999999999995;0;0;-12,9999999999995
-12,8999999999995;0;0;-12,8999999999995
-12,7999999999995;0;0;-12,7999999999995
-12,6999999999995;0;0;-12,6999999999995
-12,5999999999995;0;0;-12,5999999999995
-12,4999999999995;0;0;-12,4999999999995
-12,3999999999995;0;0;-12,3999999999995
-12,2999999999995;0;0;-12,2999999999995
-12,1999999999995;0;0;-12,1999999999995
-12,0999999999995;0;0;-12,0999999999995
-11,9999999999995;0;0;-11,9999999999995
-11,8999999999995;0;0;-11,8999999999995
-11,7999999999995;0;0;-11,7999999999995
-11,6999999999995;0;0;-11,6999999999995
-11,5999999999995;0;0;-11,5999999999995
-11,4999999999995;0;0;-11,4999999999995
-11,3999999999995;0;0;-11,3999999999995
-11,2999999999995;0;0;-11,2999999999995
-11,1999999999995;0;0;-11,1999999999995
-11,0999999999995;0;0;-11,0999999999995
-10,9999999999995;0;0;-10,9999999999995
-10,8999999999995;0;0;-10,8999999999995
-10,7999999999995;0;0;-10,7999999999995
-10,6999999999995;0;0;-10,6999999999995
-10,5999999999995;0;0;-10,5999999999995
-10,4999999999995;0;0;-10,4999999999995
-10,3999999999995;0;0;-10,3999999999995
-10,2999999999995;0;0;-10,2999999999995
-10,1999999999995;0;0;-10,1999999999995
-10,0999999999995;0;0;-10,0999999999995
-9,99999999999954;0;0;-9,99999999999954
-9,89999999999954;0;0;-9,89999999999954
-9,79999999999954;0;0;-9,79999999999954
-9,69999999999954;0;0;-9,69999999999954
-9,59999999999954;0;0;-9,59999999999954
-9,49999999999954;0;0;-9,49999999999954
-9,39999999999954;0;0;-9,39999999999954
-9,29999999999954;0;0;-9,29999999999954
-9,19999999999954;0;0;-9,19999999999954
-9,09999999999954;0;0;-9,09999999999954
-8,99999999999954;0;0;-8,99999999999954
-8,89999999999954;0;0;-8,89999999999954
-8,79999999999954;0;0;-8,79999999999954
-8,69999999999954;0;0;-8,69999999999954
-8,59999999999954;0;0;-8,59999999999954
-8,49999999999955;0;0;-8,49999999999955
-8,39999999999955;0;0;-8,39999999999955
-8,29999999999955;0;0;-8,29999999999955
-8,19999999999955;0;0;-8,19999999999955
-8,09999999999955;0;0;-8,09999999999955
-7,99999999999955;0;0;-7,99999999999955
-7,89999999999955;0;0;-7,89999999999955
-7,79999999999955;0;0;-7,79999999999955
-7,69999999999955;0;0;-7,69999999999955
-7,59999999999955;0;0;-7,59999999999955
-7,49999999999955;0;0;-7,49999999999955
-7,39999999999955;0;0;-7,39999999999955
-7,29999999999955;0;0;-7,29999999999955
-7,19999999999955;0;0;-7,19999999999955
-7,09999999999955;0;0;-7,09999999999955
-6,99999999999955;0;0;-6,99999999999955
-6,89999999999955;0;0;-6,89999999999955
-6,79999999999955;0;0;-6,79999999999955
-6,69999999999955;0;0;-6,69999999999955
-6,59999999999955;0;0;-6,59999999999955
-6,49999999999955;0;0;-6,49999999999955
-6,39999999999955;0;0;-6,39999999999955
-6,29999999999955;0;0;-6,29999999999955
-6,19999999999955;0;0;-6,19999999999955
-6,09999999999955;0;0;-6,09999999999955
-5,99999999999955;0;0;-5,99999999999955
-5,89999999999955;0;0;-5,89999999999955
-5,79999999999955;0;0;-5,79999999999955
-5,69999999999956;0;0;-5,69999999999956
-5,59999999999956;0;0;-5,59999999999956
-5,49999999999956;0;0;-5,49999999999956
-5,39999999999956;0;0;-5,39999999999956
-5,29999999999956;0;0;-5,29999999999956
-5,19999999999956;0;0;-5,19999999999956
-5,09999999999956;0;0;-5,09999999999956
-4,99999999999956;0;0;-4,99999999999956
-4,89999999999956;0;0;-4,89999999999956
-4,79999999999956;0;0;-4,79999999999956
-4,69999999999956;0;0;-4,69999999999956
-4,59999999999956;0;0;-4,59999999999956
-4,49999999999956;0;0;-4,49999999999956
-4,39999999999956;0;0;-4,39999999999956
-4,29999999999956;0;0;-4,29999999999956
-4,19999999999956;0;0;-4,19999999999956
-4,09999999999956;0;0;-4,09999999999956
-3,99999999999956;0;0;-3,99999999999956
-3,89999999999956;0;0;-3,89999999999956
-3,79999999999956;0;0;-3,79999999999956
-3,69999999999956;0;0;-3,69999999999956
-3,59999999999956;0;0;-3,59999999999956
-3,49999999999956;0;0;-3,49999999999956
-3,39999999999956;0;0;-3,39999999999956
-3,29999999999956;0;0;-3,29999999999956
-3,19999999999956;0;0;-3,19999999999956
-3,09999999999956;0;0;-3,09999999999956
-2,99999999999956;0;0;-2,99999999999956
-2,89999999999956;0;0;-2,89999999999956
-2,79999999999956;0;0;-2,79999999999956
-2,69999999999956;0;0;-2,69999999999956
-2,59999999999956;0;0;-2,59999999999956
-2,49999999999956;0;0;-2,49999999999956
-2,39999999999956;0;0;-2,39999999999956
-2,29999999999956;0;0;-2,29999999999956
-2,19999999999956;4,44089209850063E-16;2,01858731750069E-16;-2,19999999999956
-2,09999999999956;0;0;-2,09999999999956
-1,99999999999956;0;0;-1,99999999999956
-1,89999999999956;0;0;-1,89999999999956
-1,79999999999956;0;0;-1,79999999999956
-1,69999999999956;0;0;-1,69999999999956
-1,59999999999956;0;0;-1,59999999999956
-1,49999999999956;0;0;-1,49999999999956
-1,39999999999956;2,22044604925031E-16;1,58603289232215E-16;-1,39999999999956
-1,29999999999956;0;0;-1,29999999999956
-1,19999999999956;0;0;-1,19999999999956
-1,09999999999956;0;0;-1,09999999999956
-0,999999999999558;0;0;-0,999999999999558
-0,899999999999558;0;0;-0,899999999999558
-0,799999999999558;1,11022302462516E-16;1,38777878078221E-16;-0,799999999999558
-0,699999999999558;2,22044604925031E-16;3,1720657846453E-16;-0,699999999999559
-0,599999999999558;0;0;-0,599999999999558
-0,499999999999558;0;0;-0,499999999999558
-0,399999999999558;1,11022302462516E-16;2,77555756156596E-16;-0,399999999999558
-0,299999999999558;5,55111512312578E-17;1,85037170771132E-16;-0,299999999999558
-0,199999999999558;8,32667268468867E-17;4,16333634235353E-16;-0,199999999999558
-0,0999999999995584;5,55111512312578E-17;5,55111512315029E-16;-0,0999999999995584
4,41618963620272E-13;1,38777878078145E-16;0,000314149283739633;4,4175774149835E-13
0,100000000000442;0;0;0,100000000000442
0,200000000000442;8,32667268468867E-17;4,16333634233514E-16;0,200000000000442
0,300000000000442;5,55111512312578E-17;1,85037170770587E-16;0,300000000000442
0,400000000000442;1,11022302462516E-16;2,77555756155983E-16;0,400000000000442
0,500000000000442;1,11022302462516E-16;2,22044604924835E-16;0,500000000000442
0,600000000000442;0;0;0,600000000000442
0,700000000000442;1,11022302462516E-16;1,58603289232065E-16;0,700000000000442
0,800000000000442;0;0;0,800000000000442
0,900000000000442;1,11022302462516E-16;1,23358113847179E-16;0,900000000000441
1,00000000000044;2,22044604925031E-16;2,22044604924933E-16;1,00000000000044
1,10000000000044;2,22044604925031E-16;2,01858731749947E-16;1,10000000000044
1,20000000000044;2,22044604925031E-16;1,85037170770791E-16;1,20000000000044
1,30000000000044;2,22044604925031E-16;1,70803542249966E-16;1,30000000000044
1,40000000000044;2,22044604925031E-16;1,58603289232115E-16;1,40000000000044
1,50000000000044;2,22044604925031E-16;1,48029736616644E-16;1,50000000000044
1,60000000000044;2,22044604925031E-16;1,38777878078106E-16;1,60000000000044
1,70000000000044;2,22044604925031E-16;1,30614473485279E-16;1,70000000000044
1,80000000000044;2,22044604925031E-16;1,23358113847209E-16;1,80000000000044
1,90000000000044;2,22044604925031E-16;1,16865581539463E-16;1,90000000000044
2,00000000000044;0;0;2,00000000000044
2,10000000000044;0;0;2,10000000000044
2,20000000000044;0;0;2,20000000000044
2,30000000000044;0;0;2,30000000000044
2,40000000000044;0;0;2,40000000000044
2,50000000000044;0;0;2,50000000000044
2,60000000000044;0;0;2,60000000000044
2,70000000000044;0;0;2,70000000000044
2,80000000000044;0;0;2,80000000000044
2,90000000000044;0;0;2,90000000000044
3,00000000000044;0;0;3,00000000000044
3,10000000000044;0;0;3,10000000000044
3,20000000000044;0;0;3,20000000000044
3,30000000000044;0;0;3,30000000000044
3,40000000000044;0;0;3,40000000000044
3,50000000000044;4,44089209850063E-16;1,26882631385716E-16;3,50000000000044
3,60000000000044;0;0;3,60000000000044
3,70000000000044;4,44089209850063E-16;1,20024110770273E-16;3,70000000000044
3,80000000000044;0;0;3,80000000000044
3,90000000000044;4,44089209850063E-16;1,1386902816667E-16;3,90000000000044
4,00000000000044;0;0;4,00000000000044
4,10000000000044;0;0;4,10000000000044
4,20000000000044;0;0;4,20000000000044
4,30000000000044;0;0;4,30000000000044
4,40000000000044;0;0;4,40000000000044
4,50000000000044;0;0;4,50000000000044
4,60000000000044;0;0;4,60000000000044
4,70000000000044;0;0;4,70000000000044
4,80000000000044;0;0;4,80000000000044
4,90000000000044;0;0;4,90000000000044
5,00000000000044;0;0;5,00000000000044
5,10000000000044;0;0;5,10000000000044
5,20000000000044;0;0;5,20000000000044
5,30000000000044;0;0;5,30000000000044
5,40000000000044;0;0;5,40000000000044
5,50000000000044;0;0;5,50000000000044
5,60000000000044;0;0;5,60000000000044
5,70000000000044;0;0;5,70000000000044
5,80000000000044;0;0;5,80000000000044
5,90000000000044;0;0;5,90000000000044
6,00000000000044;0;0;6,00000000000044
6,10000000000044;0;0;6,10000000000044
6,20000000000044;0;0;6,20000000000044
6,30000000000044;0;0;6,30000000000044
6,40000000000044;0;0;6,40000000000044
6,50000000000044;0;0;6,50000000000044
6,60000000000043;0;0;6,60000000000043
6,70000000000043;0;0;6,70000000000043
6,80000000000043;0;0;6,80000000000043
6,90000000000043;0;0;6,90000000000043
7,00000000000043;0;0;7,00000000000043
7,10000000000043;0;0;7,10000000000043
7,20000000000043;0;0;7,20000000000043
7,30000000000043;0;0;7,30000000000043
7,40000000000043;0;0;7,40000000000043
7,50000000000043;0;0;7,50000000000043
7,60000000000043;0;0;7,60000000000043
7,70000000000043;0;0;7,70000000000043
7,80000000000043;0;0;7,80000000000043
7,90000000000043;0;0;7,90000000000043
8,00000000000043;0;0;8,00000000000043
8,10000000000043;0;0;8,10000000000043
8,20000000000043;0;0;8,20000000000043
8,30000000000043;0;0;8,30000000000043
8,40000000000043;0;0;8,40000000000043
8,50000000000043;0;0;8,50000000000043
8,60000000000043;0;0;8,60000000000043
8,70000000000043;0;0;8,70000000000043
8,80000000000043;0;0;8,80000000000043
8,90000000000043;0;0;8,90000000000043
9,00000000000043;0;0;9,00000000000043
9,10000000000043;0;0;9,10000000000043
9,20000000000043;0;0;9,20000000000043
9,30000000000043;0;0;9,30000000000043
9,40000000000042;0;0;9,40000000000042
9,50000000000042;0;0;9,50000000000042
9,60000000000042;0;0;9,60000000000042
9,70000000000042;0;0;9,70000000000042
9,80000000000042;0;0;9,80000000000042
9,90000000000042;0;0;9,90000000000042
10,0000000000004;0;0;10,0000000000004
10,1000000000004;0;0;10,1000000000004
10,2000000000004;0;0;10,2000000000004
10,3000000000004;0;0;10,3000000000004
10,4000000000004;0;0;10,4000000000004
10,5000000000004;0;0;10,5000000000004
10,6000000000004;0;0;10,6000000000004
10,7000000000004;0;0;10,7000000000004
10,8000000000004;0;0;10,8000000000004
10,9000000000004;0;0;10,9000000000004
11,0000000000004;0;0;11,0000000000004
11,1000000000004;0;0;11,1000000000004
11,2000000000004;0;0;11,2000000000004
11,3000000000004;0;0;11,3000000000004
11,4000000000004;0;0;11,4000000000004
11,5000000000004;0;0;11,5000000000004
11,6000000000004;0;0;11,6000000000004
11,7000000000004;0;0;11,7000000000004
11,8000000000004;0;0;11,8000000000004
11,9000000000004;0;0;11,9000000000004
12,0000000000004;0;0;12,0000000000004
12,1000000000004;0;0;12,1000000000004
12,2000000000004;0;0;12,2000000000004
12,3000000000004;0;0;12,3000000000004
12,4000000000004;0;0;12,4000000000004
12,5000000000004;0;0;12,5000000000004
12,6000000000004;0;0;12,6000000000004
12,7000000000004;0;0;12,7000000000004
12,8000000000004;0;0;12,8000000000004
12,9000000000004;0;0;12,9000000000004
13,0000000000004;0;0;13,0000000000004
13,1000000000004;0;0;13,1000000000004
13,2000000000004;0;0;13,2000000000004
13,3000000000004;0;0;13,3000000000004
13,4000000000004;0;0;13,4000000000004
13,5000000000004;0;0;13,5000000000004
13,6000000000004;0;0;13,6000000000004
13,7000000000004;0;0;13,7000000000004
13,8000000000004;0;0;13,8000000000004
13,9000000000004;0;0;13,9000000000004
14,0000000000004;0;0;14,0000000000004
14,1000000000004;0;0;14,1000000000004
14,2000000000004;0;0;14,2000000000004
14,3000000000004;0;0;14,3000000000004
14,4000000000004;0;0;14,4000000000004
14,5000000000004;0;0;14,5000000000004
14,6000000000004;0;0;14,6000000000004
14,7000000000004;0;0;14,7000000000004
14,8000000000004;0;0;14,8000000000004
14,9000000000004;0;0;14,9000000000004
15,0000000000004;0;0;15,0000000000004
15,1000000000004;0;0;15,1000000000004
15,2000000000004;0;0;15,2000000000004
15,3000000000004;0;0;15,3000000000004
15,4000000000004;0;0;15,4000000000004
15,5000000000004;1,77635683940025E-15;1,14603667058078E-16;15,5000000000004
15,6000000000004;0;0;15,6000000000004
15,7000000000004;1,77635683940025E-15;1,13143747732497E-16;15,7000000000004
15,8000000000004;0;0;15,8000000000004
15,9000000000004;1,77635683940025E-15;1,1172055593712E-16;15,9000000000004
16,0000000000004;0;0;16,0000000000004
16,1000000000004;0;0;16,1000000000004
16,2000000000004;0;0;16,2000000000004
16,3000000000004;0;0;16,3000000000004
16,4000000000004;0;0;16,4000000000004
16,5000000000004;0;0;16,5000000000004
16,6000000000004;0;0;16,6000000000004
16,7000000000004;0;0;16,7000000000004
16,8000000000004;0;0;16,8000000000004
16,9000000000004;0;0;16,9000000000004
17,0000000000004;0;0;17,0000000000004
17,1000000000004;0;0;17,1000000000004
17,2000000000004;0;0;17,2000000000004
17,3000000000004;0;0;17,3000000000004
17,4000000000004;0;0;17,4000000000004
17,5000000000004;0;0;17,5000000000004
17,6000000000004;0;0;17,6000000000004
17,7000000000004;0;0;17,7000000000004
17,8000000000004;0;0;17,8000000000004
17,9000000000004;0;0;17,9000000000004
18,0000000000004;0;0;18,0000000000004
18,1000000000004;0;0;18,1000000000004
18,2000000000004;0;0;18,2000000000004
18,3000000000004;0;0;18,3000000000004
18,4000000000004;0;0;18,4000000000004
18,5000000000004;0;0;18,5000000000004
18,6000000000004;0;0;18,6000000000004
18,7000000000004;0;0;18,7000000000004
18,8000000000004;0;0;18,8000000000004
18,9000000000004;0;0;18,9000000000004
19,0000000000004;0;0;19,0000000000004
19,1000000000004;0;0;19,1000000000004
19,2000000000004;0;0;19,2000000000004
19,3000000000004;0;0;19,3000000000004
19,4000000000005;0;0;19,4000000000005
19,5000000000005;0;0;19,5000000000005
19,6000000000005;0;0;19,6000000000005
19,7000000000005;0;0;19,7000000000005
19,8000000000005;0;0;19,8000000000005
19,9000000000005;0;0;19,9000000000005
20,0000000000005;0;0;20,0000000000005
20,1000000000005;0;0;20,1000000000005
20,2000000000005;0;0;20,2000000000005
20,3000000000005;0;0;20,3000000000005
20,4000000000005;0;0;20,4000000000005
20,5000000000005;0;0;20,5000000000005
20,6000000000005;0;0;20,6000000000005
20,7000000000005;0;0;20,7000000000005
20,8000000000005;0;0;20,8000000000005
20,9000000000005;0;0;20,9000000000005
21,0000000000005;0;0;21,0000000000005
21,1000000000005;0;0;21,1000000000005
21,2000000000005;0;0;21,2000000000005
21,3000000000005;0;0;21,3000000000005
21,4000000000005;0;0;21,4000000000005
21,5000000000005;0;0;21,5000000000005
21,6000000000005;0;0;21,6000000000005
21,7000000000005;0;0;21,7000000000005
21,8000000000005;0;0;21,8000000000005
21,9000000000005;0;0;21,9000000000005
22,0000000000005;0;0;22,0000000000005
22,1000000000005;0;0;22,1000000000005
22,2000000000005;0;0;22,2000000000005
22,3000000000005;0;0;22,3000000000005
22,4000000000005;0;0;22,4000000000005
22,5000000000005;0;0;22,5000000000005
22,6000000000005;0;0;22,6000000000005
22,7000000000005;0;0;22,7000000000005
22,8000000000005;0;0;22,8000000000005
22,9000000000005;0;0;22,9000000000005
23,0000000000005;0;0;23,0000000000005
23,1000000000005;0;0;23,1000000000005
23,2000000000005;0;0;23,2000000000005
23,3000000000005;0;0;23,3000000000005
23,4000000000005;0;0;23,4000000000005
23,5000000000005;0;0;23,5000000000005
23,6000000000005;0;0;23,6000000000005
23,7000000000005;0;0;23,7000000000005
23,8000000000005;0;0;23,8000000000005
23,9000000000005;0;0;23,9000000000005
24,0000000000005;0;0;24,0000000000005
24,1000000000005;0;0;24,1000000000005
24,2000000000005;0;0;24,2000000000005
24,3000000000005;0;0;24,3000000000005
24,4000000000005;0;0;24,4000000000005
24,5000000000005;0;0;24,5000000000005
24,6000000000005;0;0;24,6000000000005
24,7000000000005;0;0;24,7000000000005
24,8000000000005;0;0;24,8000000000005
24,9000000000005;0;0;24,9000000000005
25,0000000000005;0;0;25,0000000000005
25,1000000000005;0;0;25,1000000000005
25,2000000000005;0;0;25,2000000000005
25,3000000000005;0;0;25,3000000000005
25,4000000000005;0;0;25,4000000000005
25,5000000000005;0;0;25,5000000000005
25,6000000000005;0;0;25,6000000000005
25,7000000000005;0;0;25,7000000000005
25,8000000000005;0;0;25,8000000000005
25,9000000000005;0;0;25,9000000000005
26,0000000000005;0;0;26,0000000000005
26,1000000000005;0;0;26,1000000000005
26,2000000000005;0;0;26,2000000000005
26,3000000000005;0;0;26,3000000000005
26,4000000000005;0;0;26,4000000000005
26,5000000000006;0;0;26,5000000000006
26,6000000000006;0;0;26,6000000000006
26,7000000000006;0;0;26,7000000000006
26,8000000000006;0;0;26,8000000000006
26,9000000000006;0;0;26,9000000000006
27,0000000000006;0;0;27,0000000000006
27,1000000000006;0;0;27,1000000000006
27,2000000000006;0;0;27,2000000000006
27,3000000000006;0;0;27,3000000000006
27,4000000000006;0;0;27,4000000000006
27,5000000000006;0;0;27,5000000000006
27,6000000000006;0;0;27,6000000000006
27,7000000000006;0;0;27,7000000000006
27,8000000000006;0;0;27,8000000000006
27,9000000000006;0;0;27,9000000000006
28,0000000000006;0;0;28,0000000000006
28,1000000000006;0;0;28,1000000000006
28,2000000000006;0;0;28,2000000000006
28,3000000000006;0;0;28,3000000000006
28,4000000000006;0;0;28,4000000000006
28,5000000000006;0;0;28,5000000000006
28,6000000000006;0;0;28,6000000000006
28,7000000000006;0;0;28,7000000000006
28,8000000000006;0;0;28,8000000000006
28,9000000000006;0;0;28,9000000000006
29,0000000000006;0;0;29,0000000000006
29,1000000000006;0;0;29,1000000000006
29,2000000000006;0;0;29,2000000000006
29,3000000000006;0;0;29,3000000000006
29,4000000000006;0;0;29,4000000000006
29,5000000000006;0;0;29,5000000000006
29,6000000000006;0;0;29,6000000000006
29,7000000000006;0;0;29,7000000000006
29,8000000000006;0;0;29,8000000000006
29,9000000000006;0;0;29,9000000000006
30,0000000000006;0;0;30,0000000000006
30,1000000000006;0;0;30,1000000000006
30,2000000000006;0;0;30,2000000000006
30,3000000000006;0;0;30,3000000000006
30,4000000000006;0;0;30,4000000000006
30,5000000000006;0;0;30,5000000000006
30,6000000000006;0;0;30,6000000000006
30,7000000000006;0;0;30,7000000000006
30,8000000000006;0;0;30,8000000000006
30,9000000000006;0;0;30,9000000000006
31,0000000000006;0;0;31,0000000000006
31,1000000000006;0;0;31,1000000000006
31,2000000000006;0;0;31,2000000000006
31,3000000000006;0;0;31,3000000000006
31,4000000000006;0;0;31,4000000000006
31,5000000000006;0;0;31,5000000000006
31,6000000000006;0;0;31,6000000000006
31,7000000000006;0;0;31,7000000000006
31,8000000000006;0;0;31,8000000000006
31,9000000000006;0;0;31,9000000000006
32,0000000000006;0;0;32,0000000000006
32,1000000000006;0;0;32,1000000000006
32,2000000000006;0;0;32,2000000000006
32,3000000000006;0;0;32,3000000000006
32,4000000000006;0;0;32,4000000000006
32,5000000000006;0;0;32,5000000000006
32,6000000000006;0;0;32,6000000000006
32,7000000000006;0;0;32,7000000000006
32,8000000000006;0;0;32,8000000000006
32,9000000000006;0;0;32,9000000000006
33,0000000000006;0;0;33,0000000000006
33,1000000000006;0;0;33,1000000000006
33,2000000000006;0;0;33,2000000000006
33,3000000000006;0;0;33,3000000000006
33,4000000000006;0;0;33,4000000000006
33,5000000000006;0;0;33,5000000000006
33,6000000000006;0;0;33,6000000000006
33,7000000000006;0;0;33,7000000000006
33,8000000000007;0;0;33,8000000000007
33,9000000000007;0;0;33,9000000000007
34,0000000000007;0;0;34,0000000000007
34,1000000000007;0;0;34,1000000000007
34,2000000000007;0;0;34,2000000000007
34,3000000000007;0;0;34,3000000000007
34,4000000000007;0;0;34,4000000000007
34,5000000000007;0;0;34,5000000000007
34,6000000000007;0;0;34,6000000000007
34,7000000000007;0;0;34,7000000000007
34,8000000000007;0;0;34,8000000000007
34,9000000000007;0;0;34,9000000000007
35,0000000000007;0;0;35,0000000000007
35,1000000000007;0;0;35,1000000000007
35,2000000000007;0;0;35,2000000000007
35,3000000000007;0;0;35,3000000000007
35,4000000000007;0;0;35,4000000000007
35,5000000000007;0;0;35,5000000000007
35,6000000000007;0;0;35,6000000000007
35,7000000000007;0;0;35,7000000000007
35,8000000000007;0;0;35,8000000000007
35,9000000000007;0;0;35,9000000000007
36,0000000000007;0;0;36,0000000000007
36,1000000000007;0;0;36,1000000000007
36,2000000000007;0;0;36,2000000000007
36,3000000000007;0;0;36,3000000000007
36,4000000000007;0;0;36,4000000000007
36,5000000000007;0;0;36,5000000000007
36,6000000000007;0;0;36,6000000000007
36,7000000000007;0;0;36,7000000000007
36,8000000000007;0;0;36,8000000000007
36,9000000000007;0;0;36,9000000000007
37,0000000000007;0;0;37,0000000000007
37,1000000000007;0;0;37,1000000000007
37,2000000000007;0;0;37,2000000000007
37,3000000000007;0;0;37,3000000000007
37,4000000000007;0;0;37,4000000000007
37,5000000000007;0;0;37,5000000000007
37,6000000000007;0;0;37,6000000000007
37,7000000000007;0;0;37,7000000000007
37,8000000000007;0;0;37,8000000000007
37,9000000000007;0;0;37,9000000000007
38,0000000000007;0;0;38,0000000000007
38,1000000000007;0;0;38,1000000000007
38,2000000000007;0;0;38,2000000000007
38,3000000000007;0;0;38,3000000000007
38,4000000000007;0;0;38,4000000000007
38,5000000000007;0;0;38,5000000000007
38,6000000000007;0;0;38,6000000000007
38,7000000000007;0;0;38,7000000000007
38,8000000000007;0;0;38,8000000000007
38,9000000000007;0;0;38,9000000000007
39,0000000000007;0;0;39,0000000000007
39,1000000000007;0;0;39,1000000000007
39,2000000000007;0;0;39,2000000000007
39,3000000000007;0;0;39,3000000000007
39,4000000000007;0;0;39,4000000000007
39,5000000000007;0;0;39,5000000000007
39,6000000000007;0;0;39,6000000000007
39,7000000000007;0;0;39,7000000000007
39,8000000000007;0;0;39,8000000000007
39,9000000000007;0;0;39,9000000000007
40,0000000000007;0;0;40,0000000000007
40,1000000000007;0;0;40,1000000000007
40,2000000000007;0;0;40,2000000000007
40,3000000000007;0;0;40,3000000000007
40,4000000000007;0;0;40,4000000000007
40,5000000000007;0;0;40,5000000000007
40,6000000000007;0;0;40,6000000000007
40,7000000000007;0;0;40,7000000000007
40,8000000000008;0;0;40,8000000000008
40,9000000000008;0;0;40,9000000000008
41,0000000000008;0;0;41,0000000000008
41,1000000000008;0;0;41,1000000000008
41,2000000000008;0;0;41,2000000000008
41,3000000000008;0;0;41,3000000000008
41,4000000000008;0;0;41,4000000000008
41,5000000000008;0;0;41,5000000000008
41,6000000000008;0;0;41,6000000000008
41,7000000000008;0;0;41,7000000000008
41,8000000000008;0;0;41,8000000000008
41,9000000000008;0;0;41,9000000000008
42,0000000000008;0;0;42,0000000000008
42,1000000000008;0;0;42,1000000000008
42,2000000000008;0;0;42,2000000000008
42,3000000000008;0;0;42,3000000000008
42,4000000000008;0;0;42,4000000000008
42,5000000000008;0;0;42,5000000000008
42,6000000000008;0;0;42,6000000000008
42,7000000000008;0;0;42,7000000000008
42,8000000000008;0;0;42,8000000000008
42,9000000000008;0;0;42,9000000000008
43,0000000000008;0;0;43,0000000000008
43,1000000000008;0;0;43,1000000000008
43,2000000000008;0;0;43,2000000000008
43,3000000000008;0;0;43,3000000000008
43,4000000000008;0;0;43,4000000000008
43,5000000000008;0;0;43,5000000000008
43,6000000000008;0;0;43,6000000000008
43,7000000000008;0;0;43,7000000000008
43,8000000000008;0;0;43,8000000000008
43,9000000000008;0;0;43,9000000000008
44,0000000000008;0;0;44,0000000000008
44,1000000000008;0;0;44,1000000000008
44,2000000000008;0;0;44,2000000000008
44,3000000000008;0;0;44,3000000000008
44,4000000000008;0;0;44,4000000000008
44,5000000000008;0;0;44,5000000000008
44,6000000000008;0;0;44,6000000000008
44,7000000000008;0;0;44,7000000000008
44,8000000000008;0;0;44,8000000000008
44,9000000000008;0;0;44,9000000000008
45,0000000000008;0;0;45,0000000000008
45,1000000000008;0;0;45,1000000000008
45,2000000000008;0;0;45,2000000000008
45,3000000000008;0;0;45,3000000000008
45,4000000000008;0;0;45,4000000000008
45,5000000000008;0;0;45,5000000000008
45,6000000000008;0;0;45,6000000000008
45,7000000000008;0;0;45,7000000000008
45,8000000000008;0;0;45,8000000000008
45,9000000000008;0;0;45,9000000000008
46,0000000000008;0;0;46,0000000000008
46,1000000000008;0;0;46,1000000000008
46,2000000000008;0;0;46,2000000000008
46,3000000000008;0;0;46,3000000000008
46,4000000000008;0;0;46,4000000000008
46,5000000000008;0;0;46,5000000000008
46,6000000000008;0;0;46,6000000000008
46,7000000000008;0;0;46,7000000000008
46,8000000000008;0;0;46,8000000000008
46,9000000000008;0;0;46,9000000000008
47,0000000000008;0;0;47,0000000000008
47,1000000000008;0;0;47,1000000000008
47,2000000000008;0;0;47,2000000000008
47,3000000000008;0;0;47,3000000000008
47,4000000000008;0;0;47,4000000000008
47,5000000000008;0;0;47,5000000000008
47,6000000000008;0;0;47,6000000000008
47,7000000000008;0;0;47,7000000000008
47,8000000000009;0;0;47,8000000000009
47,9000000000009;0;0;47,9000000000009
48,0000000000009;0;0;48,0000000000009
48,1000000000009;0;0;48,1000000000009
48,2000000000009;0;0;48,2000000000009
48,3000000000009;0;0;48,3000000000009
48,4000000000009;0;0;48,4000000000009
48,5000000000009;0;0;48,5000000000009
48,6000000000009;0;0;48,6000000000009
48,7000000000009;0;0;48,7000000000009
48,8000000000009;0;0;48,8000000000009
48,9000000000009;0;0;48,9000000000009
49,0000000000009;0;0;49,0000000000009
49,1000000000009;0;0;49,1000000000009
49,2000000000009;0;0;49,2000000000009
49,3000000000009;0;0;49,3000000000009
49,4000000000009;0;0;49,4000000000009
49,5000000000009;0;0;49,5000000000009
49,6000000000009;0;0;49,6000000000009
49,7000000000009;0;0;49,7000000000009
49,8000000000009;0;0;49,8000000000009
49,9000000000009;0;0;49,9000000000009
