x;g_ginvx;absoluteError;relativeError
7,37965747415584;7,37965747415584;0;0
7,38924293537216;7,38924293537216;0;0
7,39882839658848;7,39882839658848;1,77635683940025E-15;2,400862331419E-16
7,4084138578048;7,4084138578048;0;0
7,41799931902112;7,41799931902112;1,77635683940025E-15;2,3946575929784E-16
7,42758478023744;7,42758478023744;1,77635683940025E-15;2,39156723478485E-16
7,43717024145376;7,43717024145376;0;0
7,44675570267008;7,44675570267008;0;0
7,4563411638864;7,4563411638864;0;0
7,46592662510272;7,46592662510272;0;0
7,47551208631904;7,47551208631904;0;0
7,48509754753536;7,48509754753536;0;0
7,49468300875168;7,49468300875168;0;0
7,504268469968;7,504268469968;0;0
7,51385393118432;7,51385393118432;0;0
7,52343939240064;7,52343939240064;1,77635683940025E-15;2,36109676273133E-16
7,53302485361696;7,53302485361696;0;0
7,54261031483328;7,54261031483328;0;0
7,5521957760496;7,5521957760496;0;0
7,56178123726592;7,56178123726592;0;0
7,57136669848224;7,57136669848224;0;0
7,58095215969856;7,58095215969856;0;0
7,59053762091488;7,59053762091488;0;0
7,6001230821312;7,6001230821312;0;0
7,60970854334752;7,60970854334752;0;0
7,61929400456384;7,61929400456384;0;0
7,62887946578016;7,62887946578016;1,77635683940025E-15;2,32846363265827E-16
7,63846492699648;7,63846492699648;0;0
7,6480503882128;7,6480503882128;1,77635683940025E-15;2,32262700849615E-16
7,65763584942912;7,65763584942912;0;0
7,66722131064544;7,66722131064544;0;0
7,67680677186176;7,67680677186176;0;0
7,68639223307808;7,68639223307808;0;0
7,6959776942944;7,6959776942944;0;0
7,70556315551072;7,70556315551072;0;0
7,71514861672703;7,71514861672703;0;0
7,72473407794335;7,72473407794336;1,77635683940025E-15;2,29957021364959E-16
7,73431953915967;7,73431953915967;0;0
7,74390500037599;7,743905000376;1,77635683940025E-15;2,29387736460352E-16
7,75349046159231;7,75349046159231;0;0
7,76307592280863;7,76307592280863;0;0
7,77266138402495;7,77266138402495;1,77635683940025E-15;2,28539074537735E-16
7,78224684524127;7,78224684524128;1,77635683940025E-15;2,28257580969237E-16
7,79183230645759;7,79183230645759;0;0
7,80141776767391;7,80141776767391;0;0
7,81100322889023;7,81100322889023;1,77635683940025E-15;2,27417245563299E-16
7,82058869010655;7,82058869010655;0;0
7,83017415132287;7,83017415132287;0;0
7,83975961253919;7,83975961253919;0;0
7,84934507375551;7,84934507375551;0;0
7,85893053497183;7,85893053497183;0;0
7,86851599618815;7,86851599618815;0;0
7,87810145740447;7,87810145740447;0;0
7,88768691862079;7,88768691862079;0;0
7,89727237983711;7,89727237983711;0;0
7,90685784105343;7,90685784105343;0;0
7,91644330226975;7,91644330226975;0;0
7,92602876348607;7,92602876348607;0;0
7,93561422470239;7,93561422470239;0;0
7,94519968591871;7,94519968591871;0;0
7,95478514713503;7,95478514713503;0;0
7,96437060835135;7,96437060835135;0;0
7,97395606956767;7,97395606956767;1,77635683940025E-15;2,22769830169952E-16
7,98354153078399;7,98354153078399;0;0
7,99312699200031;7,99312699200031;0;0
8,00271245321663;8,00271245321663;0;0
8,01229791443295;8,01229791443295;1,77635683940025E-15;2,21703793140344E-16
8,02188337564927;8,02188337564927;0;0
8,03146883686559;8,03146883686559;0;0
8,04105429808191;8,04105429808191;0;0
8,05063975929823;8,05063975929823;0;0
8,06022522051455;8,06022522051455;0;0
8,06981068173087;8,06981068173087;0;0
8,07939614294719;8,07939614294719;0;0
8,08898160416351;8,08898160416351;0;0
8,09856706537983;8,09856706537983;1,77635683940025E-15;2,19342116334865E-16
8,10815252659614;8,10815252659614;0;0
8,11773798781246;8,11773798781247;1,77635683940025E-15;2,18824116036657E-16
8,12732344902878;8,12732344902878;0;0
8,1369089102451;8,13690891024511;1,77635683940025E-15;2,1830855660233E-16
8,14649437146142;8,14649437146142;0;0
8,15607983267774;8,15607983267774;0;0
8,16566529389406;8,16566529389406;0;0
8,17525075511038;8,17525075511038;0;0
8,1848362163267;8,1848362163267;0;0
8,19442167754302;8,19442167754302;0;0
8,20400713875934;8,20400713875934;0;0
8,21359259997566;8,21359259997566;0;0
8,22317806119198;8,22317806119198;0;0
8,2327635224083;8,2327635224083;0;0
8,24234898362462;8,24234898362462;0;0
8,25193444484094;8,25193444484094;0;0
8,26151990605726;8,26151990605726;0;0
8,27110536727358;8,27110536727358;0;0
8,2806908284899;8,2806908284899;0;0
8,29027628970622;8,29027628970622;0;0
8,29986175092254;8,29986175092254;1,77635683940025E-15;2,14022461181694E-16
8,30944721213886;8,30944721213886;0;0
8,31903267335518;8,31903267335518;0;0
8,3286181345715;8,3286181345715;0;0
8,33820359578782;8,33820359578782;1,77635683940025E-15;2,13038314427535E-16
8,34778905700414;8,34778905700414;0;0
8,35737451822046;8,35737451822046;0;0
8,36695997943678;8,36695997943678;0;0
8,3765454406531;8,3765454406531;0;0
8,38613090186942;8,38613090186942;0;0
8,39571636308574;8,39571636308574;0;0
8,40530182430206;8,40530182430206;0;0
8,41488728551838;8,41488728551838;0;0
8,4244727467347;8,4244727467347;0;0
8,43405820795102;8,43405820795102;0;0
8,44364366916734;8,44364366916734;1,77635683940025E-15;2,10377996632753E-16
8,45322913038366;8,45322913038366;0;0
8,46281459159998;8,46281459159998;1,77635683940025E-15;2,09901424658816E-16
8,4724000528163;8,4724000528163;0;0
8,48198551403262;8,48198551403262;0;0
8,49157097524894;8,49157097524894;0;0
8,50115643646526;8,50115643646526;0;0
8,51074189768157;8,51074189768157;0;0
8,52032735889789;8,52032735889789;0;0
8,52991282011421;8,52991282011421;0;0
8,53949828133053;8,53949828133053;0;0
8,54908374254685;8,54908374254685;0;0
8,55866920376317;8,55866920376317;0;0
8,56825466497949;8,5682546649795;1,77635683940025E-15;2,07318399003784E-16
8,57784012619581;8,57784012619581;0;0
8,58742558741213;8,58742558741213;0;0
8,59701104862845;8,59701104862845;0;0
8,60659650984477;8,60659650984477;0;0
8,61618197106109;8,61618197106109;0;0
8,62576743227741;8,62576743227741;0;0
8,63535289349373;8,63535289349373;0;0
8,64493835471005;8,64493835471005;0;0
8,65452381592637;8,65452381592637;0;0
8,66410927714269;8,66410927714269;0;0
8,67369473835901;8,67369473835901;0;0
8,68328019957533;8,68328019957533;0;0
8,69286566079165;8,69286566079165;0;0
8,70245112200797;8,70245112200797;0;0
8,71203658322429;8,71203658322429;1,77635683940025E-15;2,03896852639573E-16
8,72162204444061;8,72162204444061;0;0
8,73120750565693;8,73120750565693;0;0
8,74079296687325;8,74079296687325;0;0
8,75037842808957;8,75037842808957;0;0
8,75996388930589;8,75996388930589;0;0
8,76954935052221;8,76954935052221;0;0
8,77913481173853;8,77913481173853;0;0
8,78872027295485;8,78872027295485;1,77635683940025E-15;2,02117803756544E-16
8,79830573417117;8,79830573417117;0;0
8,80789119538749;8,80789119538749;0;0
8,81747665660381;8,81747665660381;0;0
8,82706211782013;8,82706211782013;0;0
8,83664757903645;8,83664757903645;0;0
8,84623304025277;8,84623304025277;0;0
8,85581850146909;8,85581850146909;0;0
8,86540396268541;8,86540396268541;0;0
8,87498942390173;8,87498942390173;1,77635683940025E-15;2,00153121829784E-16
8,88457488511805;8,88457488511805;0;0
8,89416034633437;8,89416034633437;0;0
8,90374580755068;8,90374580755068;0;0
8,913331268767;8,913331268767;0;0
8,92291672998332;8,92291672998332;0;0
8,93250219119964;8,93250219119965;1,77635683940025E-15;1,98864416865224E-16
8,94208765241596;8,94208765241596;0;0
8,95167311363228;8,95167311363228;0;0
8,9612585748486;8,9612585748486;0;0
8,97084403606492;8,97084403606492;0;0
8,98042949728124;8,98042949728124;0;0
8,99001495849756;8,99001495849756;0;0
8,99960041971388;8,99960041971388;0;0
9,0091858809302;9,0091858809302;0;0
9,01877134214652;9,01877134214652;1,77635683940025E-15;1,96962177220192E-16
9,02835680336284;9,02835680336284;0;0
9,03794226457916;9,03794226457916;0;0
9,04752772579548;9,04752772579548;0;0
9,0571131870118;9,0571131870118;1,77635683940025E-15;1,96128369241052E-16
9,06669864822812;9,06669864822812;0;0
9,07628410944444;9,07628410944444;1,77635683940025E-15;1,95714107004632E-16
9,08586957066076;9,08586957066076;0;0
9,09545503187708;9,09545503187708;0;0
9,1050404930934;9,1050404930934;0;0
9,11462595430972;9,11462595430972;0;0
9,12421141552604;9,12421141552604;0;0
9,13379687674236;9,13379687674236;1,77635683940025E-15;1,94481754233383E-16
9,14338233795868;9,14338233795868;0;0
9,152967799175;9,152967799175;0;0
9,16255326039132;9,16255326039132;0;0
9,17213872160764;9,17213872160764;0;0
9,18172418282396;9,18172418282396;1,77635683940025E-15;1,93466586888249E-16
9,19130964404028;9,19130964404028;0;0
9,2008951052566;9,2008951052566;1,77635683940025E-15;1,93063481224277E-16
9,21048056647292;9,21048056647292;0;0
9,22006602768924;9,22006602768924;0;0
9,22965148890556;9,22965148890556;0;0
9,23923695012188;9,23923695012188;1,77635683940025E-15;1,92262288432468E-16
9,2488224113382;9,2488224113382;0;0
9,25840787255452;9,25840787255452;0;0
9,26799333377084;9,26799333377084;0;0
9,27757879498716;9,27757879498716;0;0
9,28716425620348;9,28716425620348;0;0
9,29674971741979;9,2967497174198;1,77635683940025E-15;1,91072890353475E-16
9,30633517863611;9,30633517863611;0;0
9,31592063985243;9,31592063985243;0;0
9,32550610106875;9,32550610106876;1,77635683940025E-15;1,90483692804262E-16
9,33509156228507;9,33509156228507;0;0
9,34467702350139;9,3446770235014;1,77635683940025E-15;1,90092909036107E-16
9,35426248471771;9,35426248471771;0;0
9,36384794593403;9,36384794593403;1,77635683940025E-15;1,89703725397589E-16
9,37343340715035;9,37343340715035;0;0
9,38301886836667;9,38301886836667;1,77635683940025E-15;1,8931613208079E-16
9,39260432958299;9,39260432958299;0;0
9,40218979079931;9,40218979079931;1,77635683940025E-15;1,88930119357784E-16
9,41177525201563;9,41177525201563;0;0
9,42136071323195;9,42136071323195;0;0
9,43094617444827;9,43094617444827;0;0
9,44053163566459;9,44053163566459;1,77635683940025E-15;1,88162797176538E-16
9,45011709688091;9,45011709688091;0;0
9,45970255809723;9,45970255809723;1,77635683940025E-15;1,87781468655137E-16
9,46928801931355;9,46928801931355;0;0
9,47887348052987;9,47887348052987;0;0
9,48845894174619;9,48845894174619;1,77635683940025E-15;1,87212365074886E-16
9,49804440296251;9,49804440296251;0;0
9,50762986417883;9,50762986417883;1,77635683940025E-15;1,86834875229303E-16
9,51721532539515;9,51721532539515;0;0
9,52680078661147;9,52680078661147;0;0
9,53638624782779;9,53638624782779;0;0
9,54597170904411;9,54597170904411;0;0
9,55555717026043;9,55555717026043;0;0
9,56514263147675;9,56514263147675;1,77635683940025E-15;1,85711484693878E-16
9,57472809269307;9,57472809269307;0;0
9,58431355390939;9,58431355390939;1,77635683940025E-15;1,85340017248881E-16
9,59389901512571;9,59389901512571;0;0
9,60348447634203;9,60348447634203;0;0
9,61306993755835;9,61306993755835;0;0
9,62265539877467;9,62265539877467;1,77635683940025E-15;1,84601522738354E-16
9,63224085999099;9,63224085999099;1,77635683940025E-15;1,84417817745674E-16
9,64182632120731;9,64182632120731;0;0
9,65141178242363;9,65141178242363;0;0
9,66099724363995;9,66099724363995;1,77635683940025E-15;1,83868889991628E-16
9,67058270485627;9,67058270485627;1,77635683940025E-15;1,83686639534991E-16
9,68016816607259;9,68016816607259;0;0
9,6897536272889;9,68975362728891;1,77635683940025E-15;1,83323220354908E-16
9,69933908850522;9,69933908850522;0;0
9,70892454972154;9,70892454972155;1,77635683940025E-15;1,82961236365896E-16
9,71851001093786;9,71851001093786;0;0
9,72809547215418;9,72809547215418;0;0
9,7376809333705;9,7376809333705;0;0
9,74726639458682;9,74726639458682;0;0
9,75685185580314;9,75685185580314;0;0
9,76643731701946;9,76643731701946;0;0
9,77602277823578;9,77602277823578;0;0
9,7856082394521;9,7856082394521;0;0
9,79519370066842;9,79519370066842;1,77635683940025E-15;1,81349842962169E-16
9,80477916188474;9,80477916188474;0;0
9,81436462310106;9,81436462310106;1,77635683940025E-15;1,80995602631174E-16
9,82395008431738;9,82395008431738;0;0
9,8335355455337;9,8335355455337;0;0
9,84312100675002;9,84312100675002;0;0
9,85270646796634;9,85270646796634;0;0
9,86229192918266;9,86229192918266;0;0
9,87187739039898;9,87187739039898;1,77635683940025E-15;1,79941136741413E-16
9,8814628516153;9,8814628516153;0;0
9,89104831283162;9,89104831283162;0;0
9,90063377404794;9,90063377404794;0;0
9,91021923526426;9,91021923526426;0;0
9,91980469648058;9,91980469648058;0;0
9,9293901576969;9,9293901576969;1,77635683940025E-15;1,78898886153978E-16
9,93897561891322;9,93897561891322;1,77635683940025E-15;1,78726350431926E-16
9,94856108012954;9,94856108012954;0;0
9,95814654134586;9,95814654134586;0;0
9,96773200256218;9,96773200256218;0;0
9,9773174637785;9,9773174637785;1,77635683940025E-15;1,78039522732349E-16
9,98690292499482;9,98690292499482;0;0
9,99648838621114;9,99648838621114;0;0
10,0060738474275;10,0060738474275;0;0
10,0156593086438;10,0156593086438;1,77635683940025E-15;1,77357953646367E-16
10,0252447698601;10,0252447698601;0;0
10,0348302310764;10,0348302310764;1,77635683940025E-15;1,77019122246745E-16
10,0444156922927;10,0444156922927;0;0
10,0540011535091;10,0540011535091;0;0
10,0635866147254;10,0635866147254;0;0
10,0731720759417;10,0731720759417;0;0
10,082757537158;10,082757537158;1,77635683940025E-15;1,76177680843146E-16
10,0923429983743;10,0923429983743;0;0
10,1019284595907;10,1019284595907;0;0
10,111513920807;10,111513920807;0;0
10,1210993820233;10,1210993820233;1,77635683940025E-15;1,75510265471293E-16
10,1306848432396;10,1306848432396;0;0
10,1402703044559;10,1402703044559;1,77635683940025E-15;1,75178450481706E-16
10,1498557656723;10,1498557656723;0;0
10,1594412268886;10,1594412268886;0;0
10,1690266881049;10,1690266881049;0;0
10,1786121493212;10,1786121493212;1,77635683940025E-15;1,74518570247193E-16
10,1881976105375;10,1881976105375;0;0
10,1977830717539;10,1977830717539;0;0
10,2073685329702;10,2073685329702;0;0
10,2169539941865;10,2169539941865;0;0
10,2265394554028;10,2265394554028;0;0
10,2361249166191;10,2361249166191;0;0
10,2457103778355;10,2457103778355;1,77635683940025E-15;1,73375663950354E-16
10,2552958390518;10,2552958390518;0;0
10,2648813002681;10,2648813002681;1,77635683940025E-15;1,73051863673656E-16
10,2744667614844;10,2744667614844;0;0
10,2840522227007;10,2840522227007;1,77635683940025E-15;1,7272927061564E-16
10,293637683917;10,293637683917;0;0
10,3032231451334;10,3032231451334;1,77635683940025E-15;1,72407878037592E-16
10,3128086063497;10,3128086063497;0;0
10,322394067566;10,322394067566;1,77635683940025E-15;1,72087679250857E-16
10,3319795287823;10,3319795287823;0;0
10,3415649899986;10,3415649899986;0;0
10,351150451215;10,351150451215;0;0
10,3607359124313;10,3607359124313;0;0
10,3703213736476;10,3703213736476;0;0
10,3799068348639;10,3799068348639;1,77635683940025E-15;1,71134179493195E-16
10,3894922960802;10,3894922960802;0;0
10,3990777572966;10,3990777572966;1,77635683940025E-15;1,70818689970258E-16
10,4086632185129;10,4086632185129;0;0
10,4182486797292;10,4182486797292;0;0
10,4278341409455;10,4278341409455;0;0
10,4374196021618;10,4374196021618;0;0
10,4470050633782;10,4470050633782;1,77635683940025E-15;1,70035031918118E-16
10,4565905245945;10,4565905245945;0;0
10,4661759858108;10,4661759858108;1,77635683940025E-15;1,69723578297221E-16
10,4757614470271;10,4757614470271;0;0
10,4853469082434;10,4853469082434;0;0
10,4949323694598;10,4949323694598;0;0
10,5045178306761;10,5045178306761;1,77635683940025E-15;1,69104081504131E-16
10,5141032918924;10,5141032918924;0;0
10,5236887531087;10,5236887531087;0;0
10,533274214325;10,533274214325;0;0
10,5428596755414;10,5428596755414;0;0
10,5524451367577;10,5524451367577;1,77635683940025E-15;1,68336041209312E-16
10,562030597974;10,562030597974;0;0
10,5716160591903;10,5716160591903;1,77635683940025E-15;1,68030774997357E-16
10,5812015204066;10,5812015204066;0;0
10,590786981623;10,590786981623;1,77635683940025E-15;1,67726613941208E-16
10,6003724428393;10,6003724428393;0;0
10,6099579040556;10,6099579040556;0;0
10,6195433652719;10,6195433652719;1,77635683940025E-15;1,67272431431402E-16
10,6291288264882;10,6291288264882;1,77635683940025E-15;1,67121583376946E-16
10,6387142877046;10,6387142877046;0;0
10,6482997489209;10,6482997489209;0;0
10,6578852101372;10,6578852101372;1,77635683940025E-15;1,66670667245569E-16
10,6674706713535;10,6674706713535;0;0
10,6770561325698;10,6770561325698;1,77635683940025E-15;1,66371405876715E-16
10,6866415937862;10,6866415937862;0;0
10,6962270550025;10,6962270550025;0;0
10,7058125162188;10,7058125162188;0;0
10,7153979774351;10,7153979774351;1,77635683940025E-15;1,65776095590753E-16
10,7249834386514;10,7249834386514;0;0
10,7345688998678;10,7345688998678;1,77635683940025E-15;1,65480035199377E-16
10,7441543610841;10,7441543610841;0;0
10,7537398223004;10,7537398223004;0;0
10,7633252835167;10,7633252835167;0;0
10,772910744733;10,772910744733;1,77635683940025E-15;1,64891075540445E-16
10,7824962059494;10,7824962059494;0;0
10,7920816671657;10,7920816671657;1,77635683940025E-15;1,64598165042127E-16
10,801667128382;10,801667128382;0;0
10,8112525895983;10,8112525895983;0;0
10,8208380508146;10,8208380508146;0;0
10,830423512031;10,830423512031;1,77635683940025E-15;1,6401545492907E-16
10,8400089732473;10,8400089732473;0;0
10,8495944344636;10,8495944344636;0;0
10,8591798956799;10,8591798956799;0;0
10,8687653568962;10,8687653568962;0;0
10,8783508181126;10,8783508181126;0;0
10,8879362793289;10,8879362793289;1,77635683940025E-15;1,63149084806156E-16
10,8975217405452;10,8975217405452;0;0
10,9071072017615;10,9071072017615;1,77635683940025E-15;1,62862325137262E-16
10,9166926629778;10,9166926629778;1,77635683940025E-15;1,62719322989139E-16
10,9262781241942;10,9262781241942;1,77635683940025E-15;1,62576571748329E-16
10,9358635854105;10,9358635854105;0;0
10,9454490466268;10,9454490466268;1,77635683940025E-15;1,6229181935187E-16
10,9550345078431;10,9550345078431;0;0
10,9646199690594;10,9646199690594;1,77635683940025E-15;1,62008062697373E-16
10,9742054302758;10,9742054302758;0;0
10,9837908914921;10,9837908914921;0;0
10,9933763527084;10,9933763527084;0;0
11,0029618139247;11,0029618139247;1,77635683940025E-15;1,61443515795192E-16
11,012547275141;11,012547275141;0;0
11,0221327363574;11,0221327363574;1,77635683940025E-15;1,61162715228497E-16
11,0317181975737;11,0317181975737;0;0
11,04130365879;11,04130365879;1,77635683940025E-15;1,60882889765113E-16
11,0508891200063;11,0508891200063;0;0
11,0604745812226;11,0604745812226;1,77635683940025E-15;1,60604034334654E-16
11,0700600424389;11,0700600424389;0;0
11,0796455036553;11,0796455036553;0;0
11,0892309648716;11,0892309648716;0;0
11,0988164260879;11,0988164260879;0;0
11,1084018873042;11,1084018873042;0;0
11,1179873485205;11,1179873485205;0;0
11,1275728097369;11,1275728097369;0;0
11,1371582709532;11,1371582709532;0;0
11,1467437321695;11,1467437321695;0;0
11,1563291933858;11,1563291933858;0;0
11,1659146546021;11,1659146546021;1,77635683940025E-15;1,59087445529427E-16
11,1755001158185;11,1755001158185;0;0
11,1850855770348;11,1850855770348;0;0
11,1946710382511;11,1946710382511;0;0
11,2042564994674;11,2042564994674;0;0
11,2138419606837;11,2138419606837;0;0
11,2234274219001;11,2234274219001;1,77635683940025E-15;1,58272225820615E-16
11,2330128831164;11,2330128831164;1,77635683940025E-15;1,58137167462006E-16
11,2425983443327;11,2425983443327;0;0
11,252183805549;11,252183805549;1,77635683940025E-15;1,57867741062338E-16
11,2617692667653;11,2617692667653;0;0
11,2713547279817;11,2713547279817;1,77635683940025E-15;1,57599231172306E-16
11,280940189198;11,280940189198;0;0
11,2905256504143;11,2905256504143;0;0
11,3001111116306;11,3001111116306;0;0
11,3096965728469;11,3096965728469;1,77635683940025E-15;1,57064942278385E-16
11,3192820340633;11,3192820340633;0;0
11,3288674952796;11,3288674952796;1,77635683940025E-15;1,56799154031981E-16
11,3384529564959;11,3384529564959;0;0
11,3480384177122;11,3480384177122;1,77635683940025E-15;1,56534263809654E-16
11,3576238789285;11,3576238789285;0;0
11,3672093401449;11,3672093401449;1,77635683940025E-15;1,5627026706782E-16
11,3767948013612;11,3767948013612;0;0
11,3863802625775;11,3863802625775;1,77635683940025E-15;1,56007159293496E-16
11,3959657237938;11,3959657237938;0;0
11,4055511850101;11,4055511850101;1,77635683940025E-15;1,55744936004044E-16
11,4151366462265;11,4151366462265;0;0
11,4247221074428;11,4247221074428;1,77635683940025E-15;1,5548359274691E-16
11,4343075686591;11,4343075686591;0;0
11,4438930298754;11,4438930298754;0;0
11,4534784910917;11,4534784910917;0;0
11,4630639523081;11,4630639523081;0;0
11,4726494135244;11,4726494135244;1,77635683940025E-15;1,54834055794141E-16
11,4822348747407;11,4822348747407;0;0
11,491820335957;11,491820335957;0;0
11,5014057971733;11,5014057971733;1,77635683940025E-15;1,54446932029545E-16
11,5109912583897;11,5109912583897;0;0
11,520576719606;11,520576719606;0;0
11,5301621808223;11,5301621808223;0;0
11,5397476420386;11,5397476420386;1,77635683940025E-15;1,53933768267955E-16
11,5493331032549;11,5493331032549;1,77635683940025E-15;1,53806009708008E-16
11,5589185644713;11,5589185644713;1,77635683940025E-15;1,53678463040673E-16
11,5685040256876;11,5685040256876;0;0
11,5780894869039;11,5780894869039;0;0
11,5876749481202;11,5876749481202;0;0
11,5972604093365;11,5972604093365;1,77635683940025E-15;1,5317038478934E-16
11,6068458705529;11,6068458705529;0;0
11,6164313317692;11,6164313317692;0;0
11,6260167929855;11,6260167929855;0;0
11,6356022542018;11,6356022542018;1,77635683940025E-15;1,52665654995106E-16
11,6451877154181;11,6451877154181;0;0
11,6547731766345;11,6547731766345;1,77635683940025E-15;1,5241453544214E-16
11,6643586378508;11,6643586378508;0;0
11,6739440990671;11,6739440990671;1,77635683940025E-15;1,52164240665004E-16
11,6835295602834;11,6835295602834;0;0
11,6931150214997;11,6931150214997;1,77635683940025E-15;1,51914766607027E-16
11,7027004827161;11,7027004827161;0;0
11,7122859439324;11,7122859439324;1,77635683940025E-15;1,51666109238095E-16
11,7218714051487;11,7218714051487;0;0
11,731456866365;11,731456866365;0;0
11,7410423275813;11,7410423275813;0;0
11,7506277887977;11,7506277887977;1,77635683940025E-15;1,51171228578419E-16
11,760213250014;11,760213250014;0;0
11,7697987112303;11,7697987112303;0;0
11,7793841724466;11,7793841724466;0;0
11,7889696336629;11,7889696336629;0;0
11,7985550948793;11,7985550948793;0;0
11,8081405560956;11,8081405560956;0;0
11,8177260173119;11,8177260173119;1,77635683940025E-15;1,50312914413319E-16
11,8273114785282;11,8273114785282;0;0
11,8368969397445;11,8368969397445;0;0
11,8464824009609;11,8464824009609;0;0
11,8560678621772;11,8560678621772;0;0
11,8656533233935;11,8656533233935;0;0
11,8752387846098;11,8752387846098;0;0
11,8848242458261;11,8848242458261;0;0
11,8944097070424;11,8944097070424;0;0
11,9039951682588;11,9039951682588;0;0
11,9135806294751;11,9135806294751;0;0
11,9231660906914;11,9231660906914;1,77635683940025E-15;1,48983652990214E-16
11,9327515519077;11,9327515519077;0;0
11,942337013124;11,942337013124;1,77635683940025E-15;1,48744490918999E-16
11,9519224743404;11,9519224743404;0;0
11,9615079355567;11,9615079355567;1,77635683940025E-15;1,48506095466431E-16
11,971093396773;11,971093396773;0;0
11,9806788579893;11,9806788579893;1,77635683940025E-15;1,48268462952388E-16
11,9902643192056;11,9902643192056;0;0
11,999849780422;11,999849780422;1,77635683940025E-15;1,48031589720266E-16
12,0094352416383;12,0094352416383;0;0
12,0190207028546;12,0190207028546;1,77635683940025E-15;1,4779547213679E-16
12,0286061640709;12,0286061640709;0;0
12,0381916252872;12,0381916252872;0;0
12,0477770865036;12,0477770865036;0;0
12,0573625477199;12,0573625477199;0;0
12,0669480089362;12,0669480089362;0;0
12,0765334701525;12,0765334701525;1,77635683940025E-15;1,47091617291548E-16
12,0861189313688;12,0861189313688;0;0
12,0957043925852;12,0957043925852;0;0
12,1052898538015;12,1052898538015;0;0
12,1148753150178;12,1148753150178;0;0
12,1244607762341;12,1244607762341;1,77635683940025E-15;1,46510172467397E-16
12,1340462374504;12,1340462374504;1,77635683940025E-15;1,46394434687229E-16
12,1436316986668;12,1436316986668;0;0
12,1532171598831;12,1532171598831;0;0
12,1628026210994;12,1628026210994;0;0
12,1723880823157;12,1723880823157;1,77635683940025E-15;1,45933306380609E-16
12,181973543532;12,181973543532;0;0
12,1915590047484;12,1915590047484;0;0
12,2011444659647;12,2011444659647;0;0
12,210729927181;12,210729927181;0;0
12,2203153883973;12,2203153883973;0;0
12,2299008496136;12,2299008496136;0;0
12,23948631083;12,23948631083;0;0
12,2490717720463;12,2490717720463;1,77635683940025E-15;1,45019710265237E-16
12,2586572332626;12,2586572332626;0;0
12,2682426944789;12,2682426944789;1,77635683940025E-15;1,4479309577073E-16
12,2778281556952;12,2778281556952;0;0
12,2874136169116;12,2874136169116;1,77635683940025E-15;1,4456718840777E-16
12,2969990781279;12,2969990781279;0;0
12,3065845393442;12,3065845393442;1,77635683940025E-15;1,44341984871695E-16
12,3161700005605;12,3161700005605;0;0
12,3257554617768;12,3257554617768;1,77635683940025E-15;1,44117481878403E-16
12,3353409229932;12,3353409229932;0;0
12,3449263842095;12,3449263842095;1,77635683940025E-15;1,43893676164194E-16
12,3545118454258;12,3545118454258;0;0
12,3640973066421;12,3640973066421;0;0
12,3736827678584;12,3736827678584;0;0
12,3832682290748;12,3832682290748;1,77635683940025E-15;1,43448143619269E-16
12,3928536902911;12,3928536902911;0;0
12,4024391515074;12,4024391515074;0;0
12,4120246127237;12,4120246127237;0;0
12,42161007394;12,42161007394;1,77635683940025E-15;1,43005361529337E-16
12,4311955351564;12,4311955351564;0;0
12,4407809963727;12,4407809963727;0;0
12,450366457589;12,450366457589;0;0
12,4599519188053;12,4599519188053;0;0
12,4695373800216;12,4695373800216;0;0
12,479122841238;12,479122841238;0;0
12,4887083024543;12,4887083024543;0;0
12,4982937636706;12,4982937636706;0;0
12,5078792248869;12,5078792248869;0;0
12,5174646861032;12,5174646861032;0;0
12,5270501473196;12,5270501473196;0;0
12,5366356085359;12,5366356085359;0;0
12,5462210697522;12,5462210697522;0;0
12,5558065309685;12,5558065309685;1,77635683940025E-15;1,41476920261468E-16
12,5653919921848;12,5653919921848;0;0
12,5749774534012;12,5749774534012;1,77635683940025E-15;1,41261234541601E-16
12,5845629146175;12,5845629146175;0;0
12,5941483758338;12,5941483758338;1,77635683940025E-15;1,41046205459101E-16
12,6037338370501;12,6037338370501;0;0
12,6133192982664;12,6133192982664;1,77635683940025E-15;1,40831830019905E-16
12,6229047594828;12,6229047594828;0;0
12,6324902206991;12,6324902206991;1,77635683940025E-15;1,40618105248131E-16
12,6420756819154;12,6420756819154;0;0
12,6516611431317;12,6516611431317;1,77635683940025E-15;1,40405028185931E-16
12,661246604348;12,661246604348;0;0
12,6708320655643;12,6708320655644;1,77635683940025E-15;1,40192595893357E-16
12,6804175267807;12,6804175267807;0;0
12,690002987997;12,690002987997;0;0
12,6995884492133;12,6995884492133;0;0
12,7091739104296;12,7091739104296;1,77635683940025E-15;1,39769653945998E-16
12,7187593716459;12,7187593716459;1,77635683940025E-15;1,39664316895585E-16
12,7283448328623;12,7283448328623;0;0
12,7379302940786;12,7379302940786;0;0
12,7475157552949;12,7475157552949;0;0
12,7571012165112;12,7571012165112;0;0
12,7666866777275;12,7666866777275;0;0
12,7762721389439;12,7762721389439;0;0
12,7858576001602;12,7858576001602;1,77635683940025E-15;1,38931379884756E-16
12,7954430613765;12,7954430613765;0;0
12,8050285225928;12,8050285225928;0;0
12,8146139838091;12,8146139838091;0;0
12,8241994450255;12,8241994450255;0;0
12,8337849062418;12,8337849062418;0;0
12,8433703674581;12,8433703674581;0;0
12,8529558286744;12,8529558286744;0;0
12,8625412898907;12,8625412898907;1,77635683940025E-15;1,38103101040878E-16
12,8721267511071;12,8721267511071;0;0
12,8817122123234;12,8817122123234;1,77635683940025E-15;1,37897572164427E-16
12,8912976735397;12,8912976735397;0;0
12,900883134756;12,900883134756;1,77635683940025E-15;1,37692654126492E-16
12,9104685959723;12,9104685959723;0;0
12,9200540571887;12,9200540571887;1,77635683940025E-15;1,37488344207964E-16
12,929639518405;12,929639518405;0;0
12,9392249796213;12,9392249796213;1,77635683940025E-15;1,3728463970585E-16
12,9488104408376;12,9488104408376;0;0
12,9583959020539;12,9583959020539;1,77635683940025E-15;1,37081537933155E-16
12,9679813632703;12,9679813632703;0;0
12,9775668244866;12,9775668244866;0;0
12,9871522857029;12,9871522857029;0;0
12,9967377469192;12,9967377469192;1,77635683940025E-15;1,36677131907299E-16
13,0063232081355;13,0063232081355;0;0
13,0159086693519;13,0159086693519;1,77635683940025E-15;1,36475822359063E-16
13,0254941305682;13,0254941305682;0;0
13,0350795917845;13,0350795917845;1,77635683940025E-15;1,36275104949863E-16
13,0446650530008;13,0446650530008;0;0
13,0542505142171;13,0542505142171;1,77635683940025E-15;1,36074977070928E-16
13,0638359754335;13,0638359754335;1,77635683940025E-15;1,35975133394256E-16
13,0734214366498;13,0734214366498;1,77635683940025E-15;1,35875436128789E-16
13,0830068978661;13,0830068978661;0;0
13,0925923590824;13,0925923590824;0;0
13,1021778202987;13,1021778202987;0;0
13,1117632815151;13,1117632815151;0;0
13,1213487427314;13,1213487427314;0;0
13,1309342039477;13,1309342039477;0;0
13,140519665164;13,140519665164;0;0
13,1501051263803;13,1501051263803;0;0
13,1596905875967;13,1596905875967;0;0
13,169276048813;13,169276048813;1,77635683940025E-15;1,34886445755715E-16
13,1788615100293;13,1788615100293;0;0
13,1884469712456;13,1884469712456;1,77635683940025E-15;1,34690372814418E-16
13,1980324324619;13,1980324324619;0;0
13,2076178936783;13,2076178936783;1,77635683940025E-15;1,34494869074801E-16
13,2172033548946;13,2172033548946;0;0
13,2267888161109;13,2267888161109;1,77635683940025E-15;1,34299932061859E-16
13,2363742773272;13,2363742773272;0;0
13,2459597385435;13,2459597385435;1,77635683940025E-15;1,34105559314917E-16
13,2555451997599;13,2555451997599;0;0
13,2651306609762;13,2651306609762;1,77635683940025E-15;1,33911748387522E-16
13,2747161221925;13,2747161221925;0;0
13,2843015834088;13,2843015834088;1,77635683940025E-15;1,33718496847346E-16
13,2938870446251;13,2938870446251;0;0
13,3034725058415;13,3034725058415;1,77635683940025E-15;1,3352580227608E-16
13,3130579670578;13,3130579670578;0;0
13,3226434282741;13,3226434282741;1,77635683940025E-15;1,33333662269333E-16
13,3322288894904;13,3322288894904;1,77635683940025E-15;1,33237799480065E-16
13,3418143507067;13,3418143507067;0;0
13,3513998119231;13,3513998119231;1,77635683940025E-15;1,33046486842071E-16
13,3609852731394;13,3609852731394;1,77635683940025E-15;1,32951036400841E-16
13,3705707343557;13,3705707343557;0;0
13,380156195572;13,380156195572;1,77635683940025E-15;1,32760545799018E-16
13,3897416567883;13,3897416567883;0;0
13,3993271180047;13,3993271180047;0;0
13,408912579221;13,408912579221;0;0
13,4184980404373;13,4184980404373;0;0
13,4280835016536;13,4280835016536;0;0
13,4376689628699;13,4376689628699;0;0
13,4472544240862;13,4472544240862;0;0
13,4568398853026;13,4568398853026;0;0
13,4664253465189;13,4664253465189;0;0
13,4760108077352;13,4760108077352;1,77635683940025E-15;1,31816222526374E-16
13,4855962689515;13,4855962689515;0;0
13,4951817301678;13,4951817301679;1,77635683940025E-15;1,31628967650675E-16
13,5047671913842;13,5047671913842;0;0
13,5143526526005;13,5143526526005;1,77635683940025E-15;1,31442244039594E-16
13,5239381138168;13,5239381138168;0;0
13,5335235750331;13,5335235750331;1,77635683940025E-15;1,31256049435441E-16
13,5431090362494;13,5431090362494;0;0
13,5526944974658;13,5526944974658;1,77635683940025E-15;1,310703815933E-16
13,5622799586821;13,5622799586821;0;0
13,5718654198984;13,5718654198984;1,77635683940025E-15;1,3088523828094E-16
13,5814508811147;13,5814508811147;0;0
13,591036342331;13,591036342331;1,77635683940025E-15;1,30700617278725E-16
13,6006218035474;13,6006218035474;0;0
13,6102072647637;13,6102072647637;1,77635683940025E-15;1,30516516379524E-16
13,61979272598;13,61979272598;0;0
13,6293781871963;13,6293781871963;1,77635683940025E-15;1,30332933388626E-16
13,6389636484126;13,6389636484126;1,77635683940025E-15;1,30241335426317E-16
13,648549109629;13,648549109629;1,77635683940025E-15;1,30149866123648E-16
13,6581345708453;13,6581345708453;1,77635683940025E-15;1,30058525209736E-16
13,6677200320616;13,6677200320616;0;0
13,6773054932779;13,6773054932779;0;0
13,6868909544942;13,6868909544942;0;0
13,6964764157106;13,6964764157106;0;0
13,7060618769269;13,7060618769269;0;0
13,7156473381432;13,7156473381432;0;0
13,7252327993595;13,7252327993595;0;0
13,7348182605758;13,7348182605758;0;0
13,7444037217922;13,7444037217922;0;0
13,7539891830085;13,7539891830085;0;0
13,7635746442248;13,7635746442248;0;0
13,7731601054411;13,7731601054411;0;0
13,7827455666574;13,7827455666574;1,77635683940025E-15;1,28882654824415E-16
13,7923310278738;13,7923310278738;0;0
13,8019164890901;13,8019164890901;1,77635683940025E-15;1,28703636252574E-16
13,8115019503064;13,8115019503064;0;0
13,8210874115227;13,8210874115227;0;0
13,830672872739;13,830672872739;1,77635683940025E-15;1,28436038921978E-16
13,8402583339554;13,8402583339554;1,77635683940025E-15;1,28347086921216E-16
13,8498437951717;13,8498437951717;0;0
13,859429256388;13,859429256388;1,77635683940025E-15;1,28169552045695E-16
13,8690147176043;13,8690147176043;1,77635683940025E-15;1,28080968660699E-16
13,8786001788206;13,8786001788206;1,77635683940025E-15;1,27992507638562E-16
13,888185640037;13,888185640037;0;0
13,8977711012533;13,8977711012533;1,77635683940025E-15;1,27815951670125E-16
13,9073565624696;13,9073565624696;1,77635683940025E-15;1,27727856219199E-16
13,9169420236859;13,9169420236859;1,77635683940025E-15;1,27639882121876E-16
13,9265274849022;13,9265274849022;0;0
13,9361129461186;13,9361129461186;1,77635683940025E-15;1,27464296986413E-16
13,9456984073349;13,9456984073349;1,77635683940025E-15;1,27376685449182E-16
13,9552838685512;13,9552838685512;1,77635683940025E-15;1,27289194267366E-16
13,9648693297675;13,9648693297675;0;0
13,9744547909838;13,9744547909838;1,77635683940025E-15;1,27114571979319E-16
13,9840402522002;13,9840402522002;1,77635683940025E-15;1,27027440379455E-16
13,9936257134165;13,9936257134165;1,77635683940025E-15;1,26940428147736E-16
14,0032111746328;14,0032111746328;0;0
14,0127966358491;14,0127966358491;1,77635683940025E-15;1,26766760808886E-16
14,0223820970654;14,0223820970654;0;0
14,0319675582818;14,0319675582818;0;0
14,0415530194981;14,0415530194981;0;0
14,0511384807144;14,0511384807144;1,77635683940025E-15;1,26420847808051E-16
14,0607239419307;14,0607239419307;0;0
14,070309403147;14,070309403147;0;0
14,0798948643634;14,0798948643634;0;0
14,0894803255797;14,0894803255797;1,77635683940025E-15;1,2607681748029E-16
14,099065786796;14,099065786796;0;0
14,1086512480123;14,1086512480123;0;0
14,1182367092286;14,1182367092286;1,77635683940025E-15;1,25820021011484E-16
14,127822170445;14,127822170445;1,77635683940025E-15;1,25734654497304E-16
14,1374076316613;14,1374076316613;0;0
14,1469930928776;14,1469930928776;1,77635683940025E-15;1,25564268515447E-16
14,1565785540939;14,1565785540939;3,5527136788005E-15;2,50958497155593E-16
14,1661640153102;14,1661640153102;1,77635683940025E-15;1,25394343696743E-16
14,1757494765266;14,1757494765266;0;0
14,1853349377429;14,1853349377429;0;0
14,1949203989592;14,1949203989592;1,77635683940025E-15;1,25140317062327E-16
14,2045058601755;14,2045058601755;1,77635683940025E-15;1,25055870079968E-16
14,2140913213918;14,2140913213918;0;0
14,2236767826082;14,2236767826081;1,77635683940025E-15;1,24887317572646E-16
14,2332622438245;14,2332622438245;1,77635683940025E-15;1,2480321158777E-16
14,2428477050408;14,2428477050408;1,77635683940025E-15;1,24719218809843E-16
14,2524331662571;14,2524331662571;0;0
14,2620186274734;14,2620186274734;1,77635683940025E-15;1,24551571961797E-16
14,2716040886897;14,2716040886897;0;0
14,2811895499061;14,2811895499061;1,77635683940025E-15;1,24384375208572E-16
14,2907750111224;14,2907750111224;0;0
14,3003604723387;14,3003604723387;1,77635683940025E-15;1,24217626739988E-16
14,309945933555;14,309945933555;0;0
14,3195313947713;14,3195313947713;0;0
14,3291168559877;14,3291168559877;0;0
14,338702317204;14,338702317204;1,77635683940025E-15;1,23885467464439E-16
14,3482877784203;14,3482877784203;0;0
14,3578732396366;14,3578732396366;0;0
14,3674587008529;14,3674587008529;0;0
14,3770441620693;14,3770441620693;1,77635683940025E-15;1,23555079846439E-16
14,3866296232856;14,3866296232856;0;0
14,3962150845019;14,3962150845019;0;0
14,4058005457182;14,4058005457182;3,5527136788005E-15;2,46616886546889E-16
14,4153860069345;14,4153860069345;1,77635683940025E-15;1,23226449749298E-16
14,4249714681509;14,4249714681509;0;0
14,4345569293672;14,4345569293672;1,77635683940025E-15;1,23062789394404E-16
14,4441423905835;14,4441423905835;3,5527136788005E-15;2,45962244260109E-16
14,4537278517998;14,4537278517998;1,77635683940025E-15;1,22899563186327E-16
14,4633133130161;14,4633133130161;0;0
14,4728987742325;14,4728987742325;0;0
14,4824842354488;14,4824842354488;1,77635683940025E-15;1,22655534128065E-16
14,4920696966651;14,4920696966651;1,77635683940025E-15;1,22574406318859E-16
14,5016551578814;14,5016551578814;0;0
14,5112406190977;14,5112406190977;0;0
14,5208260803141;14,5208260803141;1,77635683940025E-15;1,22331665538537E-16
14,5304115415304;14,5304115415304;1,77635683940025E-15;1,2225096545429E-16
14,5399970027467;14,5399970027467;0;0
14,549582463963;14,549582463963;1,77635683940025E-15;1,22089884283621E-16
14,5591679251793;14,5591679251793;1,77635683940025E-15;1,22009502777156E-16
14,5687533863957;14,5687533863957;1,77635683940025E-15;1,21929227044163E-16
14,578338847612;14,578338847612;0;0
14,5879243088283;14,5879243088283;1,77635683940025E-15;1,21768992064569E-16
14,5975097700446;14,5975097700446;0;0
14,6070952312609;14,6070952312609;1,77635683940025E-15;1,2160917768227E-16
14,6166806924773;14,6166806924773;0;0
14,6262661536936;14,6262661536936;1,77635683940025E-15;1,2144978224341E-16
14,6358516149099;14,6358516149099;0;0
14,6454370761262;14,6454370761262;0;0
14,6550225373425;14,6550225373425;0;0
14,6646079985589;14,6646079985589;1,77635683940025E-15;1,21132241623835E-16
14,6741934597752;14,6741934597752;0;0
14,6837789209915;14,6837789209915;0;0
14,6933643822078;14,6933643822078;0;0
14,7029498434241;14,7029498434241;1,77635683940025E-15;1,20816357147183E-16
14,7125353046405;14,7125353046405;0;0
14,7221207658568;14,7221207658568;0;0
14,7317062270731;14,7317062270731;1,77635683940025E-15;1,2058052285456E-16
14,7412916882894;14,7412916882894;1,77635683940025E-15;1,20502115890658E-16
14,7508771495057;14,7508771495057;0;0
14,7604626107221;14,7604626107221;0;0
14,7700480719384;14,7700480719384;1,77635683940025E-15;1,20267505613279E-16
14,7796335331547;14,7796335331547;1,77635683940025E-15;1,20189505065562E-16
14,789218994371;14,789218994371;0;0
14,7988044555873;14,7988044555873;0;0
14,8083899168037;14,8083899168037;1,77635683940025E-15;1,19956109298861E-16
14,81797537802;14,81797537802;1,77635683940025E-15;1,19878512015561E-16
14,8275608392363;14,8275608392363;0;0
14,8371463004526;14,8371463004526;1,77635683940025E-15;1,19723618236888E-16
14,8467317616689;14,8467317616689;1,77635683940025E-15;1,19646321353122E-16
14,8563172228853;14,8563172228853;1,77635683940025E-15;1,19569124214976E-16
14,8659026841016;14,8659026841016;0;0
14,8754881453179;14,8754881453179;1,77635683940025E-15;1,19415028404252E-16
14,8850736065342;14,8850736065342;1,77635683940025E-15;1,19338129347272E-16
14,8946590677505;14,8946590677505;0;0
14,9042445289669;14,9042445289669;0;0
14,9138299901832;14,9138299901832;1,77635683940025E-15;1,19108025273824E-16
14,9234154513995;14,9234154513995;1,77635683940025E-15;1,1903152098025E-16
14,9330009126158;14,9330009126158;0;0
14,9425863738321;14,9425863738321;0;0
14,9521718350485;14,9521718350485;1,77635683940025E-15;1,18802596639266E-16
14,9617572962648;14,9617572962648;1,77635683940025E-15;1,18726484077089E-16
14,9713427574811;14,9713427574811;0;0
14,9809282186974;14,9809282186974;0;0
14,9905136799137;14,9905136799137;1,77635683940025E-15;1,18498730419122E-16
15,0000991411301;15,0000991411301;0;0
15,0096846023464;15,0096846023464;0;0
15,0192700635627;15,0192700635627;3,5527136788005E-15;2,36543697780594E-16
15,028855524779;15,028855524779;1,77635683940025E-15;1,18196414655225E-16
15,0384409859953;15,0384409859953;0;0
15,0480264472116;15,0480264472116;0;0
15,057611908428;15,057611908428;1,77635683940025E-15;1,17970688194321E-16
15,0671973696443;15,0671973696443;1,77635683940025E-15;1,17895637511131E-16
15,0767828308606;15,0767828308606;0;0
15,0863682920769;15,0863682920769;0;0
15,0959537532932;15,0959537532932;1,77635683940025E-15;1,17671057319762E-16
15,1055392145096;15,1055392145096;1,77635683940025E-15;1,1759638727057E-16
15,1151246757259;15,1151246757259;0;0
15,1247101369422;15,1247101369422;0;0
15,1342955981585;15,1342955981585;1,77635683940025E-15;1,17372944639484E-16
15,1438810593748;15,1438810593748;1,77635683940025E-15;1,17298652335928E-16
15,1534665205912;15,1534665205912;0;0
15,1630519818075;15,1630519818075;1,77635683940025E-15;1,17150349516147E-16
15,1726374430238;15,1726374430238;1,77635683940025E-15;1,17076338643879E-16
15,1822229042401;15,1822229042401;0;0
15,1918083654564;15,1918083654564;0;0
15,2013938266728;15,2013938266728;1,77635683940025E-15;1,16854866050731E-16
15,2109792878891;15,2109792878891;1,77635683940025E-15;1,16781227939386E-16
15,2205647491054;15,2205647491054;1,77635683940025E-15;1,16707682578247E-16
15,2301502103217;15,2301502103217;0;0
15,239735671538;15,239735671538;1,77635683940025E-15;1,16560869406534E-16
15,2493211327544;15,2493211327544;1,77635683940025E-15;1,16487601247033E-16
15,2589065939707;15,2589065939707;0;0
15,268492055187;15,268492055187;0;0
15,2780775164033;15,2780775164033;1,77635683940025E-15;1,16268348389584E-16
15,2876629776196;15,2876629776196;0;0
15,297248438836;15,297248438836;0;0
15,3068339000523;15,3068339000523;0;0
15,3164193612686;15,3164193612686;1,77635683940025E-15;1,15977291917993E-16
15,3260048224849;15,3260048224849;0;0
15,3355902837012;15,3355902837012;0;0
15,3451757449176;15,3451757449176;1,77635683940025E-15;1,15759954068209E-16
15,3547612061339;15,3547612061339;1,77635683940025E-15;1,15687689020565E-16
15,3643466673502;15,3643466673502;0;0
15,3739321285665;15,3739321285665;0;0
15,3835175897828;15,3835175897828;1,77635683940025E-15;1,15471434217363E-16
15,3931030509992;15,3931030509992;1,77635683940025E-15;1,15399528835412E-16
15,4026885122155;15,4026885122155;0;0
15,4122739734318;15,4122739734318;0;0
15,4218594346481;15,4218594346481;1,77635683940025E-15;1,15184349003294E-16
15,4314448958644;15,4314448958644;1,77635683940025E-15;1,15112800608601E-16
15,4410303570808;15,4410303570808;0;0
15,4506158182971;15,4506158182971;1,77635683940025E-15;1,14969970148157E-16
15,4602012795134;15,4602012795134;1,77635683940025E-15;1,14898687752153E-16
15,4697867407297;15,4697867407297;1,77635683940025E-15;1,1482749369281E-16
15,479372201946;15,479372201946;0;0
15,4889576631624;15,4889576631624;1,77635683940025E-15;1,14685369928087E-16
15,4985431243787;15,4985431243787;1,77635683940025E-15;1,14614439895715E-16
15,508128585595;15,508128585595;0;0
15,5177140468113;15,5177140468113;0;0
15,5272995080276;15,5272995080276;1,77635683940025E-15;1,14402175245082E-16
15,536884969244;15,536884969244;1,77635683940025E-15;1,14331594970075E-16
15,5464704304603;15,5464704304603;0;0
15,5560558916766;15,5560558916766;0;0
15,5656413528929;15,5656413528929;1,77635683940025E-15;1,14120375712634E-16
15,5752268141092;15,5752268141092;0;0
15,5848122753256;15,5848122753256;0;0
15,5943977365419;15,5943977365419;0;0
15,6039831977582;15,6039831977582;1,77635683940025E-15;1,13839961046322E-16
15,6135686589745;15,6135686589745;0;0
15,6231541201908;15,6231541201908;0;0
15,6327395814072;15,6327395814072;1,77635683940025E-15;1,13630552735169E-16
15,6423250426235;15,6423250426235;1,77635683940025E-15;1,13560921062559E-16
15,6519105038398;15,6519105038398;0;0
15,6614959650561;15,6614959650561;0;0
15,6710814262724;15,6710814262724;1,77635683940025E-15;1,13352537140302E-16
15,6806668874888;15,6806668874888;1,77635683940025E-15;1,13283245677361E-16
15,6902523487051;15,6902523487051;0;0
15,6998378099214;15,6998378099214;0;0
15,7094232711377;15,7094232711377;1,77635683940025E-15;1,13075878645646E-16
15,719008732354;15,719008732354;1,77635683940025E-15;1,13006924905132E-16
15,7285941935704;15,7285941935704;0;0
15,7381796547867;15,7381796547867;0;0
15,747765116003;15,747765116003;1,77635683940025E-15;1,12800567338606E-16
15,7573505772193;15,7573505772193;1,77635683940025E-15;1,12731948857466E-16
15,7669360384356;15,7669360384356;0;0
15,776521499652;15,776521499652;1,77635683940025E-15;1,12594962041502E-16
15,7861069608683;15,7861069608683;1,77635683940025E-15;1,12526593402896E-16
15,7956924220846;15,7956924220846;0;0
15,8052778833009;15,8052778833009;0;0
15,8148633445172;15,8148633445172;1,77635683940025E-15;1,12321984749624E-16
15,8244488057335;15,8244488057336;1,77635683940025E-15;1,12253947117364E-16
15,8340342669499;15,8340342669499;0;0
15,8436197281662;15,8436197281662;0;0
15,8532051893825;15,8532051893825;1,77635683940025E-15;1,12050327878803E-16
15,8627906505988;15,8627906505988;1,77635683940025E-15;1,11982618854848E-16
15,8723761118151;15,8723761118151;0;0
15,8819615730315;15,8819615730315;0;0
15,8915470342478;15,8915470342478;1,77635683940025E-15;1,11779981871622E-16
15,9011324954641;15,9011324954641;0;0
15,9107179566804;15,9107179566804;0;0
15,9203034178967;15,9203034178967;0;0
15,9298888791131;15,9298888791131;1,77635683940025E-15;1,11510937262681E-16
15,9394743403294;15,9394743403294;0;0
15,9490598015457;15,9490598015457;0;0
15,958645262762;15,958645262762;1,77635683940025E-15;1,11310002205839E-16
15,9682307239783;15,9682307239783;1,77635683940025E-15;1,11243184677487E-16
15,9778161851947;15,9778161851947;0;0
15,987401646411;15,987401646411;0;0
15,9969871076273;15,9969871076273;1,77635683940025E-15;1,11043212540522E-16
16,0065725688436;16,0065725688436;0;0
16,0161580300599;16,0161580300599;0;0
16,0257434912763;16,0257434912763;0;0
16,0353289524926;16,0353289524926;0;0
16,0449144137089;16,0449144137089;0;0
16,0544998749252;16,0544998749252;0;0
16,0640853361416;16,0640853361416;3,5527136788005E-15;2,2115879021182E-16
16,0736707973579;16,0736707973579;0;0
16,0832562585742;16,0832562585742;0;0
16,0928417197905;16,0928417197905;0;0
16,1024271810068;16,1024271810068;0;0
16,1120126422232;16,1120126422232;0;0
16,1215981034395;16,1215981034395;3,5527136788005E-15;2,20369820411448E-16
16,1311835646558;16,1311835646558;0;0
16,1407690258721;16,1407690258721;0;0
16,1503544870885;16,1503544870885;0;0
16,1599399483048;16,1599399483048;0;0
16,1695254095211;16,1695254095211;0;0
16,1791108707374;16,1791108707374;3,5527136788005E-15;2,19586459798985E-16
16,1886963319537;16,1886963319537;3,5527136788005E-15;2,19456440836934E-16
16,1982817931701;16,1982817931701;0;0
16,2078672543864;16,2078672543864;0;0
16,2174527156027;16,2174527156027;0;0
16,227038176819;16,227038176819;0;0
16,2366236380353;16,2366236380353;0;0
16,2462090992517;16,2462090992517;3,5527136788005E-15;2,18679549001013E-16
16,255794560468;16,255794560468;0;0
16,2653800216843;16,2653800216843;0;0
16,2749654829006;16,2749654829006;0;0
16,284550944117;16,284550944117;0;0
16,2941364053333;16,2941364053333;0;0
16,3037218665496;16,3037218665496;0;0
16,3133073277659;16,3133073277659;0;0
16,3228927889822;16,3228927889822;0;0
16,3324782501986;16,3324782501986;0;0
16,3420637114149;16,3420637114149;0;0
16,3516491726312;16,3516491726312;0;0
16,3612346338475;16,3612346338475;0;0
16,3708200950638;16,3708200950638;3,5527136788005E-15;2,17015009521222E-16
16,3804055562802;16,3804055562802;0;0
16,3899910174965;16,3899910174965;0;0
16,3995764787128;16,3995764787128;0;0
16,4091619399291;16,4091619399291;0;0
16,4187474011455;16,4187474011455;0;0
16,4283328623618;16,4283328623618;3,5527136788005E-15;2,16255277304489E-16
16,4379183235781;16,4379183235781;0;0
16,4475037847944;16,4475037847944;0;0
16,4570892460107;16,4570892460107;0;0
16,4666747072271;16,4666747072271;0;0
16,4762601684434;16,4762601684434;0;0
16,4858456296597;16,4858456296597;3,5527136788005E-15;2,15500845914074E-16
16,495431090876;16,495431090876;3,5527136788005E-15;2,15375618813962E-16
16,5050165520923;16,5050165520923;0;0
16,5146020133087;16,5146020133087;0;0
16,524187474525;16,524187474525;0;0
16,5337729357413;16,5337729357413;0;0
16,5433583969576;16,5433583969576;0;0
16,552943858174;16,552943858174;0;0
16,5625293193903;16,5625293193903;0;0
16,5721147806066;16,5721147806066;0;0
16,5817002418229;16,5817002418229;0;0
16,5912857030392;16,5912857030392;0;0
16,6008711642556;16,6008711642556;0;0
16,6104566254719;16,6104566254719;0;0
16,6200420866882;16,6200420866882;3,5527136788005E-15;2,13760811210342E-16
16,6296275479045;16,6296275479045;0;0
16,6392130091208;16,6392130091208;0;0
16,6487984703372;16,6487984703372;0;0
16,6583839315535;16,6583839315535;0;0
16,6679693927698;16,6679693927698;0;0
16,6775548539861;16,6775548539861;3,5527136788005E-15;2,13023654240979E-16
16,6871403152025;16,6871403152025;0;0
16,6967257764188;16,6967257764188;0;0
16,7063112376351;16,7063112376351;0;0
16,7158966988514;16,7158966988514;0;0
16,7254821600677;16,7254821600677;0;0
16,7350676212841;16,7350676212841;3,5527136788005E-15;2,12291563989982E-16
16,7446530825004;16,7446530825004;3,5527136788005E-15;2,12170037879936E-16
16,7542385437167;16,7542385437167;0;0
16,763824004933;16,763824004933;0;0
16,7734094661493;16,7734094661493;0;0
16,7829949273657;16,7829949273657;0;0
16,792580388582;16,792580388582;3,5527136788005E-15;2,11564488398468E-16
16,8021658497983;16,8021658497983;3,5527136788005E-15;2,11443793053807E-16
16,8117513110146;16,8117513110146;0;0
16,821336772231;16,821336772231;0;0
16,8309222334473;16,8309222334473;0;0
16,8405076946636;16,8405076946636;0;0
16,8500931558799;16,8500931558799;0;0
16,8596786170962;16,8596786170962;3,5527136788005E-15;2,10722503049254E-16
16,8692640783126;16,8692640783126;0;0
16,8788495395289;16,8788495395289;0;0
16,8884350007452;16,8884350007452;0;0
16,8980204619615;16,8980204619615;0;0
16,9076059231779;16,9076059231779;0;0
16,9171913843942;16,9171913843942;0;0
16,9267768456105;16,9267768456105;3,5527136788005E-15;2,09887193008148E-16
16,9363623068268;16,9363623068268;0;0
16,9459477680431;16,9459477680431;0;0
